Resumo,Chave da item,ID da item,Tipo de item,Status,Chave do projeto,Nome do projeto,Tipo de projeto,Líder do projeto,ID do líder do projeto,Descrição do projeto,Prioridade,Resolução,Responsável,ID do responsável,Relator,ID do relator,Criador,ID do criador,Criado,Atualizado(a),Última visualização,Resolvido,Data limite,Votos,Descrição,Ambiente,Seguidores,ID dos seguidores,Registro de Trabalho,Registro de Trabalho,Estimativa original,Estimativa de trabalho restante,Tempo gasto,Razão Trabalhada,Σ da Estimativa Original,Σ Estimativa de trabalho restante,Σ de Tempo Gasto,Nível de Segurança,Anexo,Anexo,Anexo,Anexo,Anexo,Anexo,Campo personalizado (AI Eligible),Campo personalizado (Acceptance Criteria),Campo personalizado (Account),Campo personalizado (Activity Type),Campo personalizado (Affected Customers),Campo personalizado (Affected Version/s),Campo personalizado (Affected hardware),Campo personalizado (Affected services),Campo personalizado (Allocated Type),Campo personalizado (Allocation),Campo personalizado (Alocação ou realocação de responsabilidades),Campo personalizado (Ambiente),Campo personalizado (Ambiente_GDC),Campo personalizado (Amount),Campo personalizado (Análise crítica),Campo personalizado (Aplicar ação imediata?),Campo personalizado (Approval timestamp),Campo personalizado (Approval/Reproval Reason),Campo personalizado (Approvals),Campo personalizado (Aprovador),Campo personalizado (Ação Corretiva),Campo personalizado (Ação de contenção/correção),Campo personalizado (Ações Realizadas),Campo personalizado (Ações Tomadas),Campo personalizado (Backout plan),Campo personalizado (Bucket),Campo personalizado (Bug Impact),Campo personalizado (Bug origin),Campo personalizado (Build Type),Campo personalizado (CLIENTE),Campo personalizado (CPOC),Campo personalizado (Categoria),Campo personalizado (Categoria da causa),Campo personalizado (Causa Raiz_GDC),Campo personalizado (Challenge Rating),Campo personalizado (Change Reason),Campo personalizado (Change Type),Campo personalizado (Change Type),Campo personalizado (Change completion date),Campo personalizado (Change reason),Campo personalizado (Change risk),Campo personalizado (Change start date),Campo personalizado (Change type),Campo personalizado (Checklist completion percentage),Campo personalizado (Checklist completion summary),Campo personalizado (Classification),Campo personalizado (Classification),Campo personalizado (Cliente),Campo personalizado (Clientes_GDC),Campo personalizado (Cloud Reviewed),Campo personalizado (Cloud Reviewer),Campo personalizado (Comentário),Campo personalizado (Comentários),Campo personalizado (Companies),Campo personalizado (Complexidade Técnica),Campo personalizado (Component /s),Campo personalizado (Componente),Campo personalizado (Componente_GDC),Campo personalizado (Contact),Campo personalizado (Contato (e-mail ou telefone)),Campo personalizado (Contingency Plan),Campo personalizado (Controle de Projeto Fechado),Campo personalizado (Controle de Projetos_GDC),Campo personalizado (Cost Impact),Campo personalizado (Cost center),Campo personalizado (Custo),Campo personalizado (Custo),Campo personalizado (Customer Facing),Campo personalizado (D1 - Definir um time (Define a Team)),Campo personalizado (D2 - Definir Problema (Define the Problem)),Campo personalizado (D3 - Ação de Contenção (Define Containment)),Campo personalizado (D4 - Identificar Causa Raíz (Root Cause Analysis)),Campo personalizado (D5 - Listar Ações Corretivas (Permanent Corrective Actions)),Campo personalizado (D6 - Implementar e Validar Ação Corretiva (Validate Corrective Actions)),Campo personalizado (D7 - Ações de Prevenção (Preventing Recurrence)),Campo personalizado (DT Inicial DEV. Cliente),Campo personalizado (DT Inicial DEV. PD),Campo personalizado (DT Inicial DEV. Unidade),Campo personalizado (DT Inicial Pendentes),Campo personalizado (DT Inicial Progresso),Campo personalizado (Data Final),Campo personalizado (Data Inicial),Campo personalizado (Data Planejada),Campo personalizado (Data Realizada),Campo personalizado (Data da avaliação de eficácia),Campo personalizado (Data e H - Chamado),Campo personalizado (Data programada para avaliação da eficácia),Campo personalizado (Days for Approved),Campo personalizado (Days past due date),Campo personalizado (Deploy Priority),Campo personalizado (Deploy date),Campo personalizado (Descrição da causa raiz),Campo personalizado (Descrição dos resultados das ações tomadas),Campo personalizado (Descrição_GDC),Campo personalizado (Design classification),Campo personalizado (Designs ready),Campo personalizado (Development),Campo personalizado (Development Project),Campo personalizado (Discovery Phase),Campo personalizado (Disponibilidade de recursos),Campo personalizado (Distribution External),Campo personalizado (Domain),Campo personalizado (Duração Dev. Cliente),Campo personalizado (Duração Dev. PD),Campo personalizado (Duração Dev. Unidade),Campo personalizado (Duração Pendentes),Campo personalizado (Duração Progresso),Campo personalizado (ECO Description),Campo personalizado (ECO Time to Approve),Campo personalizado (EOL),Campo personalizado (EPIC relevance),Campo personalizado (Effort),"Campo personalizado (Em caso de NC de produto, preencha informações como Cliente e NS afetados)",Campo personalizado (Epic Colour),Campo personalizado (Epic Name),Campo personalizado (Epic Status),Campo personalizado (Estimated Obsolescence),Campo personalizado (Estimativa de pontos da história),Campo personalizado (Expected Result),Campo personalizado (Exposure),Campo personalizado (External Anom),Campo personalizado (Fix Version/s),Campo personalizado (Frequency),Campo personalizado (Goal impact),Campo personalizado (H - Comercial - 7 às 17),Campo personalizado (Habit),Campo personalizado (Hora de Deslocamento),Campo personalizado (Horas Trabalhadas),Campo personalizado (How-to),Campo personalizado (Ideia arquivada),Campo personalizado (Ideia arquivada em),Campo personalizado (Impact),Campo personalizado (Impact),Campo personalizado (Impact score),Campo personalizado (Impacto no Tempo),Campo personalizado (Impacto no Trabalho),Campo personalizado (Implementation plan),Campo personalizado (Incident Description),Campo personalizado (Incident Description),Campo personalizado (Incident Impact),Campo personalizado (Incident Origin),Campo personalizado (Insights),Campo personalizado (Insights impact),Campo personalizado (Investigation reason),Campo personalizado (Issue Development Finish),Campo personalizado (Issue Done),Campo personalizado (Issue Resolution Timestamp),Campo personalizado (Issue Start Development),Campo personalizado (Issue Testing Finish),Campo personalizado (Issue Testing Start),Campo personalizado (Issue color),Campo personalizado (Issue origin),Campo personalizado (Job role),Campo personalizado (Last Renew Date),Campo personalizado (Linked Issue),Campo personalizado (Locked forms),Campo personalizado (Logic Test),Campo personalizado (Líder),Campo personalizado (Major incident),Campo personalizado (Manufacturing Request Type),Campo personalizado (Material),Campo personalizado (Medição),Campo personalizado (Meio Ambiente),Campo personalizado (Meio de Comunicação),Campo personalizado (Meio de Comunicação),Campo personalizado (Meio de Comunicação),Campo personalizado (Membro 1),Campo personalizado (Membro 2),Campo personalizado (Membro 3),Campo personalizado (Membro 4),Campo personalizado (Membro 5),Campo personalizado (Motivo ),Campo personalizado (Motivo da recusa),Campo personalizado (Máquina),Campo personalizado (Mão de Obra),Campo personalizado (Método),Campo personalizado (Need TDN Label),Campo personalizado (New Structure Description),Campo personalizado (New Structure Request),Campo personalizado (Nome do Cliente),Campo personalizado (Notify via email),Campo personalizado (Numero da NF ou Declaração de conteudo),Campo personalizado (Número de Volumes),Campo personalizado (O material deve passar por inspeção?),Campo personalizado (Objetivos),Campo personalizado (Observação),Campo personalizado (Open forms),Campo personalizado (Operational categorization),Campo personalizado (Origem),Campo personalizado (Origem (PSR Supplier)),Campo personalizado (Origem_GDC),Campo personalizado (Orçamento),Campo personalizado (Other Products Affected),Campo personalizado (PCR Evaluation Lead Time),Campo personalizado (PM Approved),Campo personalizado (PM Approver),Campo personalizado (Parecer de Avaliação de eficácia ),Campo personalizado (Part Number/s and HW version/s affected),Campo personalizado (Passos para reproduzir),Campo personalizado (Pending reason),Campo personalizado (Planned end),Campo personalizado (Planned start),Campo personalizado (Portfolio),Campo personalizado (Potential Cost Impact),Campo personalizado (Potential Reach),Campo personalizado (Potential Schedule Impact),Campo personalizado (Prazo),Campo personalizado (Previsão de entrega),Campo personalizado (Prioritized by),Campo personalizado (Prioritized timestamp),Campo personalizado (Priority),Campo personalizado (Probability),Campo personalizado (Problem Classification),Campo personalizado (Problem Description),Campo personalizado (Problem Impact),Campo personalizado (Problem Impact v2),Campo personalizado (Problem Origin),Campo personalizado (Processo),Campo personalizado (Prod Description),Campo personalizado (Product Description),Campo personalizado (Product Part Number),Campo personalizado (Product Team),Campo personalizado (Product Type),Campo personalizado (Product area),Campo personalizado (Product categorization),Campo personalizado (Produto (Product)),Campo personalizado (Produto / Modulo _GDC),Campo personalizado (Progresso da entrega),Campo personalizado (Project),Campo personalizado (Project key),Campo personalizado (Project of origin),Campo personalizado (Project official docs),Campo personalizado (Project overview key),Campo personalizado (Project overview status),Campo personalizado (Projeto),Campo personalizado (Projeto da Atlassian),Campo personalizado (Proposed Material Disposition),Campo personalizado (Public description),Campo personalizado (Quantidade),Campo personalizado (Quantity),Campo personalizado (Quarters),Campo personalizado (R&D Request Type),Campo personalizado (R&D area),Campo personalizado (RDSR: Issue development finished),Campo personalizado (Rank),Campo personalizado (Realization),Campo personalizado (Reanalysis Date),Campo personalizado (Referência),Campo personalizado (Reject_count),Campo personalizado (Replicon),Campo personalizado (Reporting timestamp),Campo personalizado (Reporting tool),Campo personalizado (Request Customer),Campo personalizado (Request Description),Campo personalizado (Request Origin),Campo personalizado (Request Type),Campo personalizado (Request language),Campo personalizado (Request participants),Campo personalizado (Requested Team),Campo personalizado (Required qa test),Campo personalizado (Requires documentation review),Campo personalizado (Residual Exposure),Campo personalizado (Residual Impact),Campo personalizado (Residual Probability),Campo personalizado (Resolved sprint),Campo personalizado (Responders),Campo personalizado (Responsible),Campo personalizado (Responsável ação de contenção),Campo personalizado (Reviewed by support team timestamp),Campo personalizado (Rework Finish Goods),Campo personalizado (Riscos e oportunidades),Campo personalizado (Risk Scope Area),Campo personalizado (Roadmap),Campo personalizado (Root cause),Campo personalizado (Run Automation),Campo personalizado (SLA),Campo personalizado (SLA - Certification Execution),Campo personalizado (SLA - Entrega),Campo personalizado (SLA - Entrega - Consultoria),Campo personalizado (SLA - Geral),Campo personalizado (SLA - Hexagon),Campo personalizado (SLA - P&D),Campo personalizado (SLA - PCR Approval),Campo personalizado (SLA - PCR Certification Execution),Campo personalizado (SLA - PCR Evaluation),Campo personalizado (SLA - Raízen),Campo personalizado (SLA - Severidade),Campo personalizado (SLA - Suporte),Campo personalizado (SLA - TDN Review and Approval),Campo personalizado (SOW Number),Campo personalizado (SW Approved),Campo personalizado (SW Approver),Campo personalizado (Safety/Cybersecurity),Classificação de satisfação,Campo personalizado (Satisfaction),Campo personalizado (Satisfaction date),Campo personalizado (Schedule/ Resource Impact),Campo personalizado (Sentiment),Campo personalizado (Setor),Campo personalizado (Severidade),Campo personalizado (Severidade (Severity)),Campo personalizado (Severity),Campo personalizado (Short description),Campo personalizado (Solicitação Predial),Campo personalizado (Solicitação TI),Campo personalizado (Solution),Campo personalizado (Solved timestamp),Campo personalizado (Source),Campo personalizado (Source),Campo personalizado (Spec ready),Campo personalizado (Start date),Campo personalizado (Status da entrega),Campo personalizado (Status do Projeto da Atlassian),Campo personalizado (Steps to Reproduce),Campo personalizado (Story Description),Campo personalizado (Story Points),Campo personalizado (Submitted forms),Campo personalizado (Summary),Campo personalizado (TDN Description),Campo personalizado (TDN Type),Campo personalizado (Target end),Campo personalizado (Target start),Campo personalizado (Team),Campo personalizado (Team RAO),Campo personalizado (Tema_GDC),Campo personalizado (Tempo Atendimento - Crítico),Campo personalizado (Tempo Atendimento Entrega),Campo personalizado (Tempo Cliente),Campo personalizado (Tempo Total),Campo personalizado (Tempo de Atendimento),Campo personalizado (Tempo de Suporte),Campo personalizado (Tempo de avaliação),Campo personalizado (Tempo para Atendimento),Campo personalizado (Tempo para Atendimento - Raízen),Campo personalizado (Tempo total do Chamado),Campo personalizado (Test objective),Campo personalizado (Test plan),Campo personalizado (Test result),Campo personalizado (Tickets vinculados),Campo personalizado (Time de trabalho),Campo personalizado (Time for avaliation),Campo personalizado (Time to Approve),Campo personalizado (Time to Arrival),Campo personalizado (Time to Execute),Campo personalizado (Time to approve normal change),Campo personalizado (Time to close after resolution),Campo personalizado (Time to done),Campo personalizado (Time to first response),Campo personalizado (Time to resolution),Campo personalizado (Tipo (Issue Type)),Campo personalizado (Tipo (Issue Type)),Campo personalizado (Tipo da não conformidade),Campo personalizado (Tipo de Não conformidade),Campo personalizado (Tipo_Projeto_GDC),Campo personalizado (Tipo_Serviço_GDC),Campo personalizado (Total forms),Campo personalizado (Trac Issue),Campo personalizado (Transition to Review Date),Campo personalizado (Transportadora),Campo personalizado (Treatment),Campo personalizado (Treatment Plan),Campo personalizado (UNIDADE),Campo personalizado (Unidade),Campo personalizado (Unidade Operacional Resolveria),Campo personalizado (Unidade de negócio),Campo personalizado (Unidade de negõcios),Campo personalizado (Urgency),Campo personalizado (Urgency),Campo personalizado (User Story),Campo personalizado (V&V Approved),Campo personalizado (V&V Approver),Campo personalizado (V&V Platform),Campo personalizado (Validated by SQA),Campo personalizado (Validation History),Campo personalizado (Validation Records),Campo personalizado (Vendor),Campo personalizado (Verification Criteria),Campo personalizado (Verified by SQA),Campo personalizado (Vulnerability),Campo personalizado (WIP for Removal),Campo personalizado (Work category),Campo personalizado (Workaround),Campo personalizado (Workaround Type),Campo personalizado ([CHART] Date of First Response),Campo personalizado ([CHART] Time in Status),Campo personalizado (time in status),Campo personalizado (Áreas de foco),Comentar,Categoria do status,Categoria do status alterada
"6.300 - Erro na Consolidação de Dados OM, Suzando-Horizonte, Fornecedor - JFI-MS",UNF2026-227,189721,Tarefa,Concluído,UNF2026,2026 - UNIDADE ESTRATÉGICA ,software,Adenilton Silva,633212a0fedc6169aed6fd7c,,,Itens concluídos,Adenilton Silva,633212a0fedc6169aed6fd7c,Marcelo Medina da Silva,712020:e15b2896-445b-477c-9eee-1230a94705b6,Marcelo Medina da Silva,712020:e15b2896-445b-477c-9eee-1230a94705b6,04/mai/26 12:12 PM,08/mai/26 1:21 PM,08/mai/26 1:21 PM,08/mai/26 1:21 PM,,0,"Estou enfrentando problemas na consolidação de dados do computador de bordo nº 290498.
Durante o processo, é gerado o erro _SWS003 – Dispositivo não encontrado no banco de dados do SWS_, na plataforma OM.

Em anexo, seguem imagens ilustrando o erro apresentado, bem como a consolidação de outros computadores de bordo do mesmo fornecedor, os quais não apresentaram falhas

!Captura de tela 2026-05-04 110734.png|width=667,alt=""Captura de tela 2026-05-04 110734.png""!

!Captura de tela 2026-05-04 110808.png|width=667,alt=""Captura de tela 2026-05-04 110808.png""!



OBS: Já foram realizadas as validações cadastrais do respectivo computador de bordo no sistema SWS1, e o cadastro encontra-se correto, sem inconsistências.",,Marcelo Medina da Silva,712020:e15b2896-445b-477c-9eee-1230a94705b6,;05/mai/26 2:32 PM;633212a0fedc6169aed6fd7c;1920,,,0,1920,,,0,1920,,04/mai/26 12:12 PM;rk:0107cd48-bdde-4d7d-900b-1231edfa933b;Captura de tela 2026-05-04 110734.png;https://agguidance.atlassian.net/rest/api/3/attachment/content/178139,04/mai/26 12:12 PM;rk:0107cd48-bdde-4d7d-900b-1231edfa933b;Captura de tela 2026-05-04 110808.png;https://agguidance.atlassian.net/rest/api/3/attachment/content/178140,05/mai/26 10:20 AM;633212a0fedc6169aed6fd7c;image-20260505-132007.png;https://agguidance.atlassian.net/rest/api/3/attachment/content/178341,05/mai/26 2:32 PM;633212a0fedc6169aed6fd7c;image-20260505-173212.png;https://agguidance.atlassian.net/rest/api/3/attachment/content/178426,,,,,,,,,,,,,,,,,,,,,com.atlassian.servicedesk.plugins.approvals.internal.customfield.ApprovalsCFValue@23b11585,,,,"Analisado e toda a parte cadastral encontra-se ok.

!image-20260505-132007.png|width=519,alt=""image-20260505-132007.png""!





Realizado contato com Guilherme Correa para analise mais aprofundada.

Ajustado.

!image-20260505-173212.png|width=519,alt=""image-20260505-173212.png""!",,,,,,,,,,,,,,,,,,,,,,,,,,,,,,,,Difícil,,,,,,,,,,,,,,,,,,,,,,05/mai/26 10:19 AM,,04/mai/26 12:09 PM,05/mai/26 10:08 AM,08/mai/26 1:21 PM,05/mai/26 10:08 AM,,,,04/mai/26 12:09 PM,,,,,,,,,,,{},,,,,,,4502.0,,1319.0,11.0,,,,,,,,,,,,,,,,,,Não,,,,,,,,,,,,,,,,,,,,,,,,,,,,,,,,,,,,,,,E-mail,WhatsApp - Grupo,WhatsApp - PV,,,,,,Gestão de Dados e Integração,,,,,,,,,,,,,,,,,,,,,,,,,,,,,,,,,,,,,,,,,,,,,,,,,,,,,,,,,,,,,,,,,,,,,,,,,1|i047y0:,,,,,,,,,,,,,,,,,,,,,,,,,,,,,,,,,,,,,,,,,,,,,,,,,,,,,,,,,,,,,,,,,,,,,,,,,,,,,,,,,,,,,,,,,,,,,,,,,,,,,,,,,,,,,,,,,,,,,,6.300,Não,,,,,,,,,,,,,,,,,,,,,14838_*:*_1_*:*_78993698_*|*_14518_*:*_1_*:*_628648_*|*_14522_*:*_1_*:*_0,14838_*:*_1_*:*_78993698_*|*_14518_*:*_1_*:*_628648_*|*_14522_*:*_1_*:*_0,,,Itens concluídos,08/mai/26 1:21 PM
6.300 - Ajuste de Associação de Usuário – Evandroev Suzano ,UNF2026-239,190838,Tarefa,Concluído,UNF2026,2026 - UNIDADE ESTRATÉGICA ,software,Adenilton Silva,633212a0fedc6169aed6fd7c,,,Itens concluídos,Adenilton Silva,633212a0fedc6169aed6fd7c,Adenilton Silva,633212a0fedc6169aed6fd7c,Adenilton Silva,633212a0fedc6169aed6fd7c,08/mai/26 9:34 AM,08/mai/26 10:06 AM,08/mai/26 10:05 AM,08/mai/26 10:05 AM,,0,"O coordenador Wriel solicitou apoio para ajuste cadastral do usuário [evandroev@suzano.com.br|mailto:evandroev@suzano.com.br].

*Contexto Técnico:*
Foi identificado que o usuário atualmente está associado apenas à estrutura Suzano-MA, limitando o acesso às demais unidades e informações da Suzano.

*Objetivo:*
Realizar o ajuste cadastral do usuário para associação à estrutura geral da Suzano, permitindo acesso completo ao ambiente conforme necessidade operacional.

*Ações Técnicas:*

* Validar cadastro atual do usuário [evandroev@suzano.com.br|mailto:evandroev@suzano.com.br]
* Remover vínculo restrito à Suzano-MA, se necessário
* Ajustar associação/permissão para estrutura geral Suzano
* Validar acessos após ajuste cadastral
* Confirmar funcionamento junto ao solicitante

*Critério de Encerramento:*
Ticket poderá ser encerrado após realização do ajuste cadastral, validação dos acessos e confirmação de funcionamento do usuário no ambiente Suzano completo.",,Adenilton Silva,633212a0fedc6169aed6fd7c,;08/mai/26 10:06 AM;633212a0fedc6169aed6fd7c;1200,,3600,2400,1200,33%,3600,2400,1200,,08/mai/26 10:05 AM;633212a0fedc6169aed6fd7c;image-20260508-130542.png;https://agguidance.atlassian.net/rest/api/3/attachment/content/179195,,,,,,,,,,,,,,,,,,,,,,,,com.atlassian.servicedesk.plugins.approvals.internal.customfield.ApprovalsCFValue@65bfa9d2,,,,"Solicitado apoio ao Guilherme Correa, apenas o setor resposável tem acesso a modificações diretas no banco.

Ajustado e retornado ao coordenador.

!image-20260508-130542.png|width=334,alt=""image-20260508-130542.png""!",,,,,,,,,,,,,,,,,,,,,,,,,,,,,,,,Difícil,,,,,,,,,,,,,,,,,,,,,,,,08/mai/26 9:33 AM,08/mai/26 9:35 AM,08/mai/26 10:05 AM,08/mai/26 9:35 AM,,,,08/mai/26 9:33 AM,,,,,,,,,,,{},,,,,,,,,2.0,30.0,,,,,,,,,,,,,,,,,,Sim ,,,,,,,,,,,,,,,,,,,,,,,,,,,,,,,,,,,,,,,WhatsApp - PV,,,,,,,,Suporte Técnico e Treinamento,,,,,,,,,,,,,,,,,,,,,,,,,,,,,,,,,,,,,,,,,,,,,,,,,,,,,,,,,,,,,,,,,,,,,,,,,1|i048w0:,,,,,,,,,,,,,,,,,,,,,,,,,,,,,,,,,,,,,,,,,,,,,,,,,,,,,,,,,,,,,,,,,,,,,,,,,,,,,,,,,,,,,,,,,,,,,,,,,,,,,,,,,,,,,,,,,,,,,,6.300,Não,,,,,,,,,,,,,,,,,,,,,14838_*:*_1_*:*_42065_*|*_14518_*:*_1_*:*_0,14838_*:*_1_*:*_42065_*|*_14518_*:*_1_*:*_0,,,Itens concluídos,08/mai/26 10:05 AM
6.300 - Exclusão de usuários SWS – Suzano MS (usuários inativos e desligados) ,UNF2026-222,188453,Tarefa,Concluído,UNF2026,2026 - UNIDADE ESTRATÉGICA ,software,Adenilton Silva,633212a0fedc6169aed6fd7c,,,Itens concluídos,Adenilton Silva,633212a0fedc6169aed6fd7c,Adenilton Silva,633212a0fedc6169aed6fd7c,Adenilton Silva,633212a0fedc6169aed6fd7c,27/abr/26 3:47 PM,07/mai/26 10:22 AM,07/mai/26 10:22 AM,07/mai/26 10:22 AM,,0,"Solicitação para análise e exclusão de usuários no sistema *SWS – Suzano MS*, conforme planilha enviada pelo cliente.

O cliente (BOLIVAR FELIPE DE FREITAS – Suzano) encaminhou uma lista de usuários com base nas seguintes premissas:

* Usuários *sem acesso nos últimos 6 meses*
* Usuários *desligados da Suzano*

O [SILVA Wriel|https://www.office.com/search?q=SILVA+Wriel&EntityRepresentationId=fb0b4477-cef2-4b48-9297-065ea69d9489] questiona se é possível realizar a exclusão desses usuários de forma *simplificada via banco de dados* ou se será necessário *tratamento caso a caso*.

Também foi solicitado revisar os usuários da *Hexagon* que permanecem ativos no ambiente, validando suas *necessidades reais de acesso*.

*Anexo:* [usuarios suzano MS_preenchido.xlsx|https://outlook.office.com/owa/?viewmodel=IAttachmentViewModelPopoutFactory&AttachmentId=AAkALgAAAAAAHYQDEapmEc2byACqAC-EWg0Asbm3h6wW_k6x_ba69Yv1kAAFORI3sQAAARIAEADl_LSkRgTvR4nc1jCSwgUA&ItemId=AAkALgAAAAAAHYQDEapmEc2byACqAC-EWg0Asbm3h6wW_k6x_ba69Yv1kAAFORI3sQAA&AttachmentName=usuarios%20suzano%20MS_preenchido.xlsx&web=1&EntityRepresentationId=e7a03408-b436-4b20-aa9a-7546b524f09a]
*Origem:* [ENC: Usuarios SWS Suzano MS|https://outlook.office365.com/owa/?ItemID=AAMkADNmYjliODY0LTA5ZjUtNDQzMC1hZTRkLWRkMzkwYmE1ZDU0YQBGAAAAAAA15eJ%2bpsOrTZX%2fs0SR2rwgBwCxubeHrBb6TrH5trr1i%2fWQAAAAAAEMAACxubeHrBb6TrH5trr1i%2fWQAAU5EZvrAAA%3d&exvsurl=1&viewmodel=ReadMessageItem&EntityRepresentationId=bef91078-8577-4bdc-8b95-e371edec2f6e]",,Adenilton Silva,633212a0fedc6169aed6fd7c,,,7200,7200,,0%,7200,7200,,,,,,,,,,,,,,,,,,,,,,,,,,,com.atlassian.servicedesk.plugins.approvals.internal.customfield.ApprovalsCFValue@622393ce,,,,"Foi enviado um e-mail para a unidade, para sanarmos algumas dúvidas, no aguardo das informações.

Inativado os devidos usuarios e e-mail retornado.",,,,,,,,,,,,,,,,,,,,,,,,,,,,,,,,Difícil,,,,,,,,,,,,,,,,,,,,,,,27/abr/26 4:09 PM,27/abr/26 3:46 PM,27/abr/26 3:48 PM,07/mai/26 10:22 AM,27/abr/26 3:48 PM,,,,27/abr/26 3:46 PM,,,,,,,,,,,{},,,,,,,,14053.0,2.0,21.0,,,,,,,,,,,,,,,,,,Sim ,,,,,,,,,,,,,,,,,,,,,,,,,,,,,,,,,,,,,,,E-mail,,,,,,,,Suporte Técnico e Treinamento,,,,,,,,,,,,,,,,,,,,,,,,,,,,,,,,,,,,,,,,,,,,,,,,,,,,,,,,,,,,,,,,,,,,,,,,,1|i046zk:,,,,,,,,,,,,,,,,,,,,,,,,,,,,,,,,,,,,,,,,,,,,,,,,,,,,,,,,,,,,,,,,,,,,,,,,,,,,,,,,,,,,,,,,,,,,,,,,,,,,,,,,,,,,,,,,,,,,,,6.300,Sim,,,,,,,,,,,,,,,,,,,,,14838_*:*_1_*:*_29036_*|*_14518_*:*_1_*:*_1262820_*|*_14520_*:*_1_*:*_0,14838_*:*_1_*:*_29036_*|*_14518_*:*_1_*:*_1262820_*|*_14520_*:*_1_*:*_0,,,Itens concluídos,07/mai/26 10:22 AM
6.300 - SWS Não Reconhece Provedor Vale do Tibagi nos arquivos que chegam na plataforma SWS vindos do OM,UNF2026-141,179256,Tarefa,Concluído,UNF2026,2026 - UNIDADE ESTRATÉGICA ,software,Adenilton Silva,633212a0fedc6169aed6fd7c,,,Itens concluídos,Adenilton Silva,633212a0fedc6169aed6fd7c,Matheus Ferreira Santana,712020:e56318b0-a887-4202-8827-dfd4ca010acd,Matheus Ferreira Santana,712020:e56318b0-a887-4202-8827-dfd4ca010acd,11/mar/26 3:41 PM,06/mai/26 2:38 PM,06/mai/26 2:38 PM,06/mai/26 2:38 PM,,0,"Dados da empresa Vale do Tibagi Provedor da Suzano Horizonte quando enviado os dados via OM e chega no SWS ele entende que produtor e Provedor é SUZANO - HORIZONTE gerando erro ao processar os arquivos 

”Não foi encontrado equipamento com numero de serie 291233 para o produtor Suzano-Horizonte ID:204 e provedor Suzano-Horizonte ID:204”",,Matheus Ferreira Santana,712020:e56318b0-a887-4202-8827-dfd4ca010acd,,,,,,,,,,,11/mar/26 3:46 PM;ug:aa0ab91d-688c-430e-a067-e4900596ae2b;WhatsApp Image 2026-03-11 at 07.47.19.jpeg;https://agguidance.atlassian.net/rest/api/3/attachment/content/168125,11/mar/26 3:46 PM;ug:aa0ab91d-688c-430e-a067-e4900596ae2b;WhatsApp Image 2026-03-11 at 07.47.20.jpeg;https://agguidance.atlassian.net/rest/api/3/attachment/content/168127,11/mar/26 3:46 PM;ug:aa0ab91d-688c-430e-a067-e4900596ae2b;WhatsApp Image 2026-03-11 at 07.47.46.jpeg;https://agguidance.atlassian.net/rest/api/3/attachment/content/168126,11/mar/26 3:46 PM;ug:aa0ab91d-688c-430e-a067-e4900596ae2b;WhatsApp Image 2026-03-11 at 07.51.25.jpeg;https://agguidance.atlassian.net/rest/api/3/attachment/content/168128,12/mar/26 4:01 PM;633212a0fedc6169aed6fd7c;image-20260312-185954.png;https://agguidance.atlassian.net/rest/api/3/attachment/content/168408,12/mar/26 4:01 PM;633212a0fedc6169aed6fd7c;image-20260312-190049.png;https://agguidance.atlassian.net/rest/api/3/attachment/content/168407,,,,,,,,,,,,,,,,,,,com.atlassian.servicedesk.plugins.approvals.internal.customfield.ApprovalsCFValue@3a974cd3,,,,"Analisando conforme o solicitado, e encontrado que o display está cadastrado no Admin do provedor e não do produtor conforme o padrão:

Erro:

!image-20260312-185954.png|width=332,alt=""image-20260312-185954.png""!

Corrigido:

!image-20260312-190049.png|width=332,alt=""image-20260312-190049.png""!



aguardar uma nova transmissão para ánalise e aguardando devolutiva da Unidade.

Falta de devolutiva da unidade.",,,,,,,,,,,,,,,,,,,,,,,,,,,,,,,,Médio,,,,,,,,,,,,,,,,,,,,,,,12/mar/26 4:01 PM,11/mar/26 3:34 PM,12/mar/26 3:47 PM,06/mai/26 2:38 PM,12/mar/26 3:47 PM,,,,11/mar/26 3:34 PM,,,,,,,,,,,{},,,,,,,,79117.0,1453.0,14.0,,,,,,,,,,,,,,,,,,Sim ,,,,,,,,,,,,,,,,,,,,,,,,,,,,,,,,,,,,,,,E-mail,WhatsApp - PV,,,,,,,Análise e Diagnóstico de Bugs na Plataforma,,,,,,,,,,,,,,,,,,,,,,,,,,,,,,,,,,,,,,,,,,,,,,,,,,,,,,,,,,,,,,,,,,,,,,,,,1|i03xxi:,,,,,,,,,,,,,,,,,,,,,,,,,,,,,,,,,,,,,,,,,,,,,,,,,,,,,,,,,,,,,,,,,,,,,,,,,,,,,,,,,,,,,,,,,,,,,,,,,,,,,,,,,,,,,,,,,,,,,,6.300,Talvez,,,,,,,,,,,,,,,,,,,,,14838_*:*_1_*:*_86742352_*|*_14518_*:*_1_*:*_884502_*|*_14520_*:*_1_*:*_0,14838_*:*_1_*:*_86742352_*|*_14518_*:*_1_*:*_884502_*|*_14520_*:*_1_*:*_0,,"11/mar/26 3:46 PM;712020:e56318b0-a887-4202-8827-dfd4ca010acd;!WhatsApp Image 2026-03-11 at 07.51.25.jpeg|width=635,alt=""WhatsApp Image 2026-03-11 at 07.51.25.jpeg""!

!WhatsApp Image 2026-03-11 at 07.47.20.jpeg|width=635,alt=""WhatsApp Image 2026-03-11 at 07.47.20.jpeg""!

!WhatsApp Image 2026-03-11 at 07.47.46.jpeg|width=635,alt=""WhatsApp Image 2026-03-11 at 07.47.46.jpeg""!

!WhatsApp Image 2026-03-11 at 07.47.19.jpeg|width=635,alt=""WhatsApp Image 2026-03-11 at 07.47.19.jpeg""!",Itens concluídos,06/mai/26 2:38 PM
6.300 - Erro na Consolidação de Dados-TTG-BRASIL,UNF2026-135,178879,Tarefa,Concluído,UNF2026,2026 - UNIDADE ESTRATÉGICA ,software,Adenilton Silva,633212a0fedc6169aed6fd7c,,,Itens concluídos,Adenilton Silva,633212a0fedc6169aed6fd7c,Marcelo Medina da Silva,712020:e15b2896-445b-477c-9eee-1230a94705b6,Marcelo Medina da Silva,712020:e15b2896-445b-477c-9eee-1230a94705b6,10/mar/26 12:51 PM,06/mai/26 2:38 PM,06/mai/26 2:37 PM,06/mai/26 2:38 PM,,0,"Produtor- TTG-BRASIL

Provedor- Carpelo-ms

Os dados não estão chegando na plataforma OM, cb conectado a internet, cti ja configurado.

CR-OK",,Marcelo Medina da Silva,712020:e15b2896-445b-477c-9eee-1230a94705b6,;11/mar/26 4:22 PM;633212a0fedc6169aed6fd7c;1380,,,0,1380,,,0,1380,,10/mar/26 12:51 PM;rk:0107cd48-bdde-4d7d-900b-1231edfa933b;Captura de tela 2026-03-10 115107.png;https://agguidance.atlassian.net/rest/api/3/attachment/content/167861,,,,,,,,,,,,,,,,,,,,,,,,com.atlassian.servicedesk.plugins.approvals.internal.customfield.ApprovalsCFValue@24612a58,,,,"Realizndo ás devidasánalises foi constatado :   

291796 - Nunca chegaram dados no Atom 

291800 - Nunca chegaram dados no Atom 

291804 - Nunca chegaram dados no Atom 

292275 - Nunca chegaram dados no Atom

292314 - Nunca chegaram dados no Atom

292345 - Nunca chegaram dados no Atom



O problema não é clouddy, é analisar em campo.

* display com internet
* Setando
* Sincronizando a nuvem
* Logs e arquivos pendentes.
* Versão - 4.0.7 estava com falha de transmissão.
* Falta de devolutiva da unidade.",,,,,,,,,,,,,,,,,,,,,,,,,,,,,,,,Médio,,,,,,,,,,,,,,,,,,,,,,,11/mar/26 4:22 PM,10/mar/26 12:48 PM,11/mar/26 4:13 PM,06/mai/26 2:38 PM,11/mar/26 4:13 PM,,,,10/mar/26 12:48 PM,,,,,,,,,,,{},,,,,,,,80536.0,1645.0,9.0,,,,,,,,,,,,,,,,,,Sim ,,,,,,,,,,,,,,,,,,,,,,,,,,,,,,,,,,,,,,,JIRA ,,,,,,,,Gestão de Dados e Integração,,,,,,,,,,,,,,,,,,,,,,,,,,,,,,,,,,,,,,,,,,,,,,,,,,,,,,,,,,,,,,,,,,,,,,,,,1|i03x3y:,,,,,,,,,,,,,,,,,,,,,,,,,,,,,,,,,,,,,,,,,,,,,,,,,,,,,,,,,,,,,,,,,,,,,,,,,,,,,,,,,,,,,,,,,,,,,,,,,,,,,,,,,,,,,,,,,,,,,,6.300,Talvez,,,,,,,,,,,,,,,,,,,,,14838_*:*_1_*:*_98508196_*|*_14518_*:*_1_*:*_534224_*|*_14520_*:*_1_*:*_0,14838_*:*_1_*:*_98508196_*|*_14518_*:*_1_*:*_534224_*|*_14520_*:*_1_*:*_0,,10/mar/26 1:40 PM;712020:e15b2896-445b-477c-9eee-1230a94705b6;Teste,Itens concluídos,06/mai/26 2:38 PM
6.300 - Erro na Consolidação de Dados-TTG-BRASIL,UNF2026-134,178878,Tarefa,Concluído,UNF2026,2026 - UNIDADE ESTRATÉGICA ,software,Adenilton Silva,633212a0fedc6169aed6fd7c,,,Itens concluídos,Adenilton Silva,633212a0fedc6169aed6fd7c,Marcelo Medina da Silva,712020:e15b2896-445b-477c-9eee-1230a94705b6,Marcelo Medina da Silva,712020:e15b2896-445b-477c-9eee-1230a94705b6,10/mar/26 12:46 PM,06/mai/26 2:37 PM,06/mai/26 2:34 PM,06/mai/26 2:37 PM,,0,"Produtor - TTG-BRASIL

Provedor - Carpelo-MS

Não esta chegando os dados na plataforma OM, CB conectado à internet, envio de dados habilitado, cti configurado.

Obs: CTI e o mesmo da JSF-MS",,Marcelo Medina da Silva,712020:e15b2896-445b-477c-9eee-1230a94705b6,;12/mar/26 3:38 PM;633212a0fedc6169aed6fd7c;1980,,,0,1980,,,0,1980,,,,,,,,,,,,,,,,,,,,,,,,,,com.atlassian.servicedesk.plugins.approvals.internal.customfield.ApprovalsCFValue@395f6ba4,,,,"Realizando ás devidas ánalises foi constatado :   

291796 - Nunca chegaram dados no Atom 

291800 - Nunca chegaram dados no Atom 

291804 - Nunca chegaram dados no Atom 

292275 - Nunca chegaram dados no Atom

292314 - Nunca chegaram dados no Atom

292345 - Nunca chegaram dados no Atom

O problema não é clouddy, é analisar em campo.

display com internet

Setando

Sincronizando a nuvem

Logs e arquivos pendentes.

Versão - 4.0.7 estava com falha de transmissão.

Falta de devolutiva da unidade.",,,,,,,,,,,,,,,,,,,,,,,,,,,,,,,,Médio,,,,,,,,,,,,,,,,,,,,,,,12/mar/26 3:38 PM,10/mar/26 12:42 PM,11/mar/26 3:38 PM,06/mai/26 2:37 PM,12/mar/26 3:38 PM,,,,10/mar/26 12:42 PM,,,,,,,,,,,{},,,,,,,1320.0,79139.0,108.0,33.0,,,,,,,,,,,,,,,,,,Sim ,,,,,,,,,,,,,,,,,,,,,,,,,,,,,,,,,,,,,,,JIRA ,,,,,,,,Gestão de Dados e Integração,,,,,,,,,,,,,,,,,,,,,,,,,,,,,,,,,,,,,,,,,,,,,,,,,,,,,,,,,,,,,,,,,,,,,,,,,1|i03x3q:,,,,,,,,,,,,,,,,,,,,,,,,,,,,,,,,,,,,,,,,,,,,,,,,,,,,,,,,,,,,,,,,,,,,,,,,,,,,,,,,,,,,,,,,,,,,,,,,,,,,,,,,,,,,,,,,,,,,,,6.300,Talvez,,,,,,,,,,,,,,,,,,,,,14838_*:*_1_*:*_183093963_*|*_14518_*:*_1_*:*_40162_*|*_14520_*:*_1_*:*_0,14838_*:*_1_*:*_183093963_*|*_14518_*:*_1_*:*_40162_*|*_14520_*:*_1_*:*_0,,,Itens concluídos,06/mai/26 2:37 PM
6.300 - Atualização da Base Geométrica – SHP Consolidado Fazendas TRF MS ,UNF2026-199,185544,Tarefa,Concluído,UNF2026,2026 - UNIDADE ESTRATÉGICA ,software,Adenilton Silva,633212a0fedc6169aed6fd7c,,,Itens concluídos,Adenilton Silva,633212a0fedc6169aed6fd7c,Adenilton Silva,633212a0fedc6169aed6fd7c,Adenilton Silva,633212a0fedc6169aed6fd7c,14/abr/26 9:24 AM,22/abr/26 8:29 AM,,22/abr/26 8:29 AM,,0,"Recebimento e validação do arquivo *SHP consolidado* contendo todos os *talhões produtivos e áreas aprovadas para plantio* das fazendas *TRF – Mato Grosso do Sul*, encaminhado pela equipe da *TTG*.

A solicitação está relacionada ao processo de *migração do sistema SWS para o sistema OM*, que possui *API integrada*, exigindo a manutenção de uma *base geométrica única e atualizada*, substituindo o modelo anterior de envio de SHP por fazenda.

O arquivo foi enviado pela TTG com a *tabela de atributos conforme padrão acordado*. Caso sejam identificadas inconsistências ou necessidade de ajustes, a equipe da TTG se colocou à disposição para correção.

Também está em andamento a *avaliação interna da Hexagon* quanto a possíveis *restrições contratuais para liberação da API*, com retorno previsto até *17/04/2026*.

----

h3. ✅ *Atividades*

* Validar integridade e estrutura do SHP consolidado
* Conferir tabela de atributos conforme padrão esperado
* Atualizar base geométrica no ambiente Hexagon (OM)
* Apoiar avaliação técnica para disponibilização via API
* Retornar à TTG em caso de necessidade de ajustes

----

h3. 👥 *Envolvidos*

* *Solicitante:* TTG Brasil – Letícia Molinari
* *Responsável Hexagon:* Adenilton Silva
* *Apoio:* Operações Florestais / Contratos (Hexagon)",,Adenilton Silva,633212a0fedc6169aed6fd7c,;22/abr/26 8:29 AM;633212a0fedc6169aed6fd7c;6900,,3600,0,6900,191%,3600,0,6900,,,,,,,,,,,,,,,,,,,,,,,,,,com.atlassian.servicedesk.plugins.approvals.internal.customfield.ApprovalsCFValue@5bd8bdab,,,,"Base do MS tratada, porém não foi possível a atualização devido ser um banco aonde integra MG e MS.

Necessário o restante da base, para uma atualização completa.

Einviada solicitação va e-mail para o cliente.

Recebido, tratado e cadastrado.",,,,,,,,,,,,,,,,,,,,,,,,,,,,,,,,Difícil,,,,,,,,,,,,,,,,,,,,,14/abr/26 1:32 PM,,14/abr/26 11:20 AM,14/abr/26 9:22 AM,14/abr/26 10:26 AM,22/abr/26 8:29 AM,14/abr/26 10:26 AM,,,,14/abr/26 9:22 AM,,,,,,,,,,,{},,,,,,11217.0,,132.0,64.0,54.0,,,,,,,,,,,,,,,,,,Sim ,,,,,,,,,,,,,,,,,,,,,,,,,,,,,,,,,,,,,,,E-mail,,,,,,,,Cadastro e Gestão de Geometrias,,,,,,,,,,,,,,,,,,,,,,,,,,,,,,,,,,,,,,,,,,,,,,,,,,,,,,,,,,,,,,,,,,,,,,,,,1|i044hu:,,,,,,,,,,,,,,,,,,,,,,,,,,,,,,,,,,,,,,,,,,,,,,,,,,,,,,,,,,,,,,,,,,,,,,,,,,,,,,,,,,,,,,,,,,,,,,,,,,,,,,,,,,,,,,,,,,,,,,6.300,Não,,,,,,,,,,,,,,,,,,,,,14838_*:*_1_*:*_3731739_*|*_14518_*:*_1_*:*_3210095_*|*_14520_*:*_1_*:*_7960805_*|*_14521_*:*_1_*:*_0,14838_*:*_1_*:*_3731739_*|*_14518_*:*_1_*:*_3210095_*|*_14520_*:*_1_*:*_7960805_*|*_14521_*:*_1_*:*_0,,,Itens concluídos,22/abr/26 8:29 AM
6.300 - Cadastro da Fazenda TRF – Planalto no provedor JS Florestal  ,UNF2026-137,178910,Tarefa,Concluído,UNF2026,2026 - UNIDADE ESTRATÉGICA ,software,Adenilton Silva,633212a0fedc6169aed6fd7c,,,Itens concluídos,Adenilton Silva,633212a0fedc6169aed6fd7c,Adenilton Silva,633212a0fedc6169aed6fd7c,Adenilton Silva,633212a0fedc6169aed6fd7c,10/mar/26 3:31 PM,15/abr/26 8:19 AM,,15/abr/26 8:19 AM,,0,"h3. Resumo

A cliente Letícia Vaz Molinari solicitou apoio para cadastrar a Fazenda TRF – Planalto no provedor da empresa JS Florestal.

h3. Contexto

Foi enviado um arquivo com as informações necessárias para o cadastro da fazenda. O cadastro deve ser feito no provedor da empresa JS Florestal para que a área esteja registrada e disponível na plataforma.

h3. Critérios de Aceitação

* Analisar o arquivo com as informações da fazenda.
* Validar os dados necessários para o cadastro no provedor.
* Realizar o cadastro da Fazenda TRF – Planalto no provedor da empresa JS Florestal.
* Confirmar que o cadastro foi efetuado corretamente no sistema.
* Cadastro da Fazenda TRF – Planalto realizado com sucesso.
* Garantir que a fazenda esteja disponível e corretamente registrada no sistema.

h3. Outras informações

N/A",,Adenilton Silva,633212a0fedc6169aed6fd7c,;10/mar/26 4:45 PM;633212a0fedc6169aed6fd7c;420,;15/abr/26 8:19 AM;633212a0fedc6169aed6fd7c;2580,3600,600,3000,83%,3600,600,3000,,,,,,,,,,,,,,,,,,,,,,,,,,com.atlassian.servicedesk.plugins.approvals.internal.customfield.ApprovalsCFValue@3c08f63f,,,,Dados Tratados e Cadastrado conforme o esperado.,,,,,,,,,,,,,,,,,,,,,,,,,,,,,,,,Difícil,,,,,,,,,,,,,,,,,,,,,,10/mar/26 4:45 PM,,10/mar/26 3:30 PM,10/mar/26 4:45 PM,15/abr/26 8:19 AM,10/mar/26 4:45 PM,,,,10/mar/26 3:30 PM,,,,,,,,,,,{},,,,,,,0.0,,75.0,44.0,,,,,,,,,,,,,,,,,,Sim ,,,,,,,,,,,,,,,,,,,,,,,,,,,,,,,,,,,,,,,E-mail,,,,,,,,Cadastro e Gestão de Geometrias,,,,,,,,,,,,,,,,,,,,,,,,,,,,,,,,,,,,,,,,,,,,,,,,,,,,,,,,,,,,,,,,,,,,,,,,,1|i03x9a:,,,,,,,,,,,,,,,,,,,,,,,,,,,,,,,,,,,,,,,,,,,,,,,,,,,,,,,,,,,,,,,,,,,,,,,,,,,,,,,,,,,,,,,,,,,,,,,,,,,,,,,,,,,,,,,,,,,,,,6.300,Não,,,,,,,,,,,,,,,,,,,,,14838_*:*_1_*:*_4439662_*|*_14518_*:*_1_*:*_7114_*|*_14522_*:*_1_*:*_0,14838_*:*_1_*:*_4439662_*|*_14518_*:*_1_*:*_7114_*|*_14522_*:*_1_*:*_0,,,Itens concluídos,15/abr/26 8:19 AM
6.300 - Atualização de Base COPA – Inclusão de Projetos na Plataforma SWS ,UNF2026-190,184107,Tarefa,Concluído,UNF2026,2026 - UNIDADE ESTRATÉGICA ,software,Adenilton Silva,633212a0fedc6169aed6fd7c,,,Itens concluídos,Adenilton Silva,633212a0fedc6169aed6fd7c,Adenilton Silva,633212a0fedc6169aed6fd7c,Adenilton Silva,633212a0fedc6169aed6fd7c,08/abr/26 9:21 AM,08/abr/26 12:53 PM,,08/abr/26 12:53 PM,,0,"Solicitação de atualização da base cadastral/vetorial COPA na plataforma SWS, conforme demanda do cliente Mantenaflorestal.

Foram enviados arquivos shapefile em anexo para inclusão dos seguintes projetos:

* Conquista I
* Conquista II
* Conquista III
* São Pedro Bonini
* Simaro I

*Atividades solicitadas:*

* Validar os arquivos shapefile recebidos
* Realizar a inclusão dos projetos na base COPA
* Atualizar a base vetorial na plataforma SWS
* Confirmar conclusão da atualização ao solicitante

Solicitante: *Fabio Moreno*
Empresa: *Mantenaflorestal*",,Adenilton Silva,633212a0fedc6169aed6fd7c,;08/abr/26 12:53 PM;633212a0fedc6169aed6fd7c;1560,,3600,2040,1560,43%,3600,2040,1560,,,,,,,,,,,,,,,,,,,,,,,,,,com.atlassian.servicedesk.plugins.approvals.internal.customfield.ApprovalsCFValue@4cd71270,,,,"Dados tratador e inseridos a PLataforma SWS, conforme o solicitado.",,,,,,,,,,,,,,,,,,,,,,,,,,,,,,,,Difícil,,,,,,,,,,,,,,,,,,,,,,,,08/abr/26 9:19 AM,08/abr/26 12:29 PM,08/abr/26 12:53 PM,08/abr/26 12:29 PM,,,,08/abr/26 9:19 AM,,,,,,,,,,,{},,,,,,,,,190.0,24.0,,,,,,,,,,,,,,,,,,Sim ,,,,,,,,,,,,,,,,,,,,,,,,,,,,,,,,,,,,,,,E-mail,,,,,,,,Cadastro e Gestão de Geometrias,,,,,,,,,,,,,,,,,,,,,,,,,,,,,,,,,,,,,,,,,,,,,,,,,,,,,,,,,,,,,,,,,,,,,,,,,1|i043ii:,,,,,,,,,,,,,,,,,,,,,,,,,,,,,,,,,,,,,,,,,,,,,,,,,,,,,,,,,,,,,,,,,,,,,,,,,,,,,,,,,,,,,,,,,,,,,,,,,,,,,,,,,,,,,,,,,,,,,,6.300,Não,,,,,,,,,,,,,,,,,,,,,14838_*:*_1_*:*_11293720_*|*_14518_*:*_1_*:*_0,14838_*:*_1_*:*_11293720_*|*_14518_*:*_1_*:*_0,,,Itens concluídos,08/abr/26 12:53 PM
6.300 - Falhas de Leitura nos Shapes — Teste PC240 Duplo Cabeçote (Fazenda Alegria),UNF2026-184,183364,Tarefa,Concluído,UNF2026,2026 - UNIDADE ESTRATÉGICA ,software,Adenilton Silva,633212a0fedc6169aed6fd7c,,,Itens concluídos,Adenilton Silva,633212a0fedc6169aed6fd7c,Adenilton Silva,633212a0fedc6169aed6fd7c,Adenilton Silva,633212a0fedc6169aed6fd7c,02/abr/26 10:21 AM,02/abr/26 11:36 AM,,02/abr/26 11:35 AM,,0,"Durante o teste realizado hoje na *PC240 duplo cabeçote* na *Fazenda Alegria*, foram identificadas *falhas na leitura dos shapes enviados pela Suzano*.
Segundo a equipe da Suzano, foi utilizado o *mesmo padrão de shapes das assistentes de plantio em SP*.

*Problema Reportado:*

* Shapes apresentando *falhas de leitura* durante o teste em campo.
* Possível existência de *atributos pendentes ou incompatíveis* no modelo utilizado.

*Anexos recebidos:*

* C3AG11.zip
* C3AG12.zip
* C3AG13.zip

*Solicitação:*
Realizar *validação completa dos shapes* para identificar:

# Atributos ausentes, inconsistentes ou fora do padrão;
# Incompatibilidades com o modelo utilizado na PC240 duplo cabeçote;
# Possíveis ajustes necessários no processo de geração ou preparo dos shapes.

*Origem da Solicitação:*

* Contato via e-mail do cliente Suzano.
* Enviado por Fabrício Ladeira Milagres e repassado internamente.

*Responsável pelo acompanhamento (Hexagon):*

* Equipe em campo designada para suporte aos testes na Fazenda Alegria.",,Adenilton Silva,633212a0fedc6169aed6fd7c,;02/abr/26 11:35 AM;633212a0fedc6169aed6fd7c;4500,,7200,2700,4500,62%,7200,2700,4500,,,,,,,,,,,,,,,,,,,,,,,,,,com.atlassian.servicedesk.plugins.approvals.internal.customfield.ApprovalsCFValue@76466f62,,,,"Todos o SHP estão operacionais.

* Traslocadas as geometrias.
* TEstadas e estão aptadas.
* Retornado via e-mail, com as seguintes recomendações.
* Inserir arquivos descompactados.",,,,,,,,,,,,,,,,,,,,,,,,,,,,,,,,Médio,,,,,,,,,,,,,,,,,,,,,,,,02/abr/26 10:20 AM,02/abr/26 10:21 AM,02/abr/26 11:35 AM,02/abr/26 10:21 AM,,,,02/abr/26 10:20 AM,,,,,,,,,,,{},,,,,,,,,1.0,74.0,,,,,,,,,,,,,,,,,,Sim ,,,,,,,,,,,,,,,,,,,,,,,,,,,,,,,,,,,,,,,E-mail,,,,,,,,Suporte Técnico e Treinamento,,,,,,,,,,,,,,,,,,,,,,,,,,,,,,,,,,,,,,,,,,,,,,,,,,,,,,,,,,,,,,,,,,,,,,,,,1|i042mi:,,,,,,,,,,,,,,,,,,,,,,,,,,,,,,,,,,,,,,,,,,,,,,,,,,,,,,,,,,,,,,,,,,,,,,,,,,,,,,,,,,,,,,,,,,,,,,,,,,,,,,,,,,,,,,,,,,,,,,6.300,Talvez,,,,,,,,,,,,,,,,,,,,,14838_*:*_1_*:*_29520_*|*_14518_*:*_1_*:*_0,14838_*:*_1_*:*_29520_*|*_14518_*:*_1_*:*_0,,,Itens concluídos,02/abr/26 11:35 AM
6.300 - Erro ao finalizar cadastro do usuário vhsantos@suzano.com.br  ,UNF2026-175,182380,Tarefa,Concluído,UNF2026,2026 - UNIDADE ESTRATÉGICA ,software,Adenilton Silva,633212a0fedc6169aed6fd7c,,,Itens concluídos,Adenilton Silva,633212a0fedc6169aed6fd7c,Adenilton Silva,633212a0fedc6169aed6fd7c,Adenilton Silva,633212a0fedc6169aed6fd7c,27/mar/26 4:21 PM,27/mar/26 4:24 PM,,27/mar/26 4:23 PM,,0,"O técnico Vinicius Vieira solicitou apoio para análise do cadastro do usuário [vhsantos@suzano.com.br|mailto:vhsantos@suzano.com.br], pois está ocorrendo erro no momento da finalização do processo.

Contexto Técnico
Durante a tentativa de criação do cadastro do usuário [vhsantos@suzano.com.br|mailto:vhsantos@suzano.com.br], o processo não está sendo concluído com sucesso, apresentando erro ao finalizar. Até o momento, o cadastro não pôde ser efetivado, sendo necessária validação para identificar a causa do comportamento.

Objetivo
Analisar o erro apresentado na finalização do cadastro do usuário [vhsantos@suzano.com.br|mailto:vhsantos@suzano.com.br] e realizar os ajustes necessários para permitir a conclusão do registro.

Ações Técnicas
Verificar o fluxo de criação do usuário e identificar em qual etapa ocorre a falha
Analisar possíveis inconsistências cadastrais, permissões ou validações bloqueando a finalização
Realizar os ajustes necessários para concluir o cadastro com sucesso
Validar após correção se o acesso foi criado corretamente

Critério de Encerramento
Chamado poderá ser encerrado após a identificação e correção da causa do erro, com o cadastro do usuário [vhsantos@suzano.com.br|mailto:vhsantos@suzano.com.br] finalizado com sucesso.",,Adenilton Silva,633212a0fedc6169aed6fd7c,;27/mar/26 4:23 PM;633212a0fedc6169aed6fd7c;2820,,3600,780,2820,78%,3600,780,2820,,,,,,,,,,,,,,,,,,,,,,,,,,com.atlassian.servicedesk.plugins.approvals.internal.customfield.ApprovalsCFValue@1918e767,,,,"Foi analisado e identificado que foi criado 2 usuários para o mesmo e-mail.

Excluímos um usuário devido duplicidade e falha de direcionamento, é necessario finalizar o preenchimento das permissões.",,,,,,,,,,,,,,,,,,,,,,,,,,,,,,,,Médio,,,,,,,,,,,,,,,,,,,,,,,,27/mar/26 4:20 PM,27/mar/26 4:21 PM,27/mar/26 4:23 PM,27/mar/26 4:21 PM,,,,27/mar/26 4:20 PM,,,,,,,,,,,{},,,,,,,,,1.0,2.0,,,,,,,,,,,,,,,,,,Sim ,,,,,,,,,,,,,,,,,,,,,,,,,,,,,,,,,,,,,,,WhatsApp - PV,,,,,,,,Suporte Técnico e Treinamento,,,,,,,,,,,,,,,,,,,,,,,,,,,,,,,,,,,,,,,,,,,,,,,,,,,,,,,,,,,,,,,,,,,,,,,,,1|i041ua:,,,,,,,,,,,,,,,,,,,,,,,,,,,,,,,,,,,,,,,,,,,,,,,,,,,,,,,,,,,,,,,,,,,,,,,,,,,,,,,,,,,,,,,,,,,,,,,,,,,,,,,,,,,,,,,,,,,,,,6.300,Talvez,,,,,,,,,,,,,,,,,,,,,14838_*:*_1_*:*_7377_*|*_14518_*:*_1_*:*_0,14838_*:*_1_*:*_7377_*|*_14518_*:*_1_*:*_0,,,Itens concluídos,27/mar/26 4:23 PM
6.300 - Exclusão de usuário criado diretamente no OM  ,UNF2026-172,182253,Tarefa,Concluído,UNF2026,2026 - UNIDADE ESTRATÉGICA ,software,Adenilton Silva,633212a0fedc6169aed6fd7c,,,Itens concluídos,Adenilton Silva,633212a0fedc6169aed6fd7c,Adenilton Silva,633212a0fedc6169aed6fd7c,Adenilton Silva,633212a0fedc6169aed6fd7c,27/mar/26 9:35 AM,27/mar/26 12:44 PM,,27/mar/26 12:44 PM,,0,"O técnico Vinicius Vieira solicitou a exclusão do usuário [vhsantos@suzano.com.br|mailto:vhsantos@suzano.com.br], que foi criado diretamente na plataforma OM.

*Contexto Técnico:*
Foi identificado que o cadastro do usuário foi realizado diretamente no OM, o que não segue o fluxo correto de criação de acessos. Para garantir integração adequada entre os sistemas, os usuários devem ser cadastrados via Control Room (CR), permitindo o acesso consistente tanto no OM quanto nas demais plataformas.

*Objetivo:*
Remover o usuário criado incorretamente no OM e garantir que o novo cadastro seja realizado via Control Room (CR), conforme padrão estabelecido.

*Ações Técnicas:*

* Realizar a exclusão do usuário [vhsantos@suzano.com.br|mailto:vhsantos@suzano.com.br] no OM
* Validar que não existam vínculos ativos que possam impactar a exclusão
* Orientar a recriação do usuário via Control Room (CR)
* Garantir que o acesso funcione corretamente em ambas as plataformas após o novo cadastro

*Critério de Encerramento:*

* Usuário removido com sucesso do OM
* Novo cadastro realizado via CR
* Acesso validado e funcionando corretamente no OM e demais plataformas integradas",,Adenilton Silva,633212a0fedc6169aed6fd7c,;27/mar/26 12:44 PM;633212a0fedc6169aed6fd7c;2700,,3600,900,2700,75%,3600,900,2700,,,,,,,,,,,,,,,,,,,,,,,,,,com.atlassian.servicedesk.plugins.approvals.internal.customfield.ApprovalsCFValue@4dae12f3,,,,"* Exclusão solicitada para Guilherme Correa, e assim o técnico poderá prosseguir com o cadastro da forma correta.

*Resumo da Solicitação*
Ajuste de inconsistência na associação entre máquinas e produtor/provedor, impactando o direcionamento correto dos arquivos no SWS.

*Contexto Técnico*
Foi identificada divergência na associação de máquinas com produtor/provedor, ocasionando inconsistência no processamento dos arquivos. O ajuste foi realizado diretamente no banco de dados pelo responsável, alinhando os registros ao padrão esperado, garantindo o correto direcionamento dos arquivos.

Cenários como esse podem ocorrer quando há alteração de propriedade do veículo (máquina) sem a devida atualização estrutural no sistema, gerando conflitos de associação.

*Objetivo*
Garantir a correta associação entre máquinas e produtor/provedor, assegurando o processamento adequado dos arquivos no SWS.

*Ações Técnicas*

* Ajuste direto no banco de dados para correção da associação máquina x produtor/provedor
* Validação do direcionamento dos arquivos após correção
* Orientação para reprocessamento dos dados já existentes no SWS em modo avançado
* Abertura de issue para tratativa definitiva do cenário junto ao time responsável
* Recomendação de criação de novo veículo com associações corretas como mitigação temporária

*Critério de Encerramento*

* Arquivos sendo direcionados corretamente conforme provedor responsável
* Reprocessamento realizado com sucesso no modo avançado
* Ausência de divergências na associação máquina x produtor/provedor para novos processamentos",,,,,,,,,,,,,,,,,,,,,,,,,,,,,,,,Difícil,,,,,,,,,,,,,,,,,,,,,,27/mar/26 9:36 AM,,27/mar/26 9:34 AM,27/mar/26 9:35 AM,27/mar/26 12:44 PM,27/mar/26 9:35 AM,,,,27/mar/26 9:34 AM,,,,,,,,,,,{},,,,,,,188.0,,1.0,1.0,,,,,,,,,,,,,,,,,,Sim ,,,,,,,,,,,,,,,,,,,,,,,,,,,,,,,,,,,,,,,WhatsApp - PV,,,,,,,,Suporte Técnico e Treinamento,,,,,,,,,,,,,,,,,,,,,,,,,,,,,,,,,,,,,,,,,,,,,,,,,,,,,,,,,,,,,,,,,,,,,,,,,1|i041pm:,,,,,,,,,,,,,,,,,,,,,,,,,,,,,,,,,,,,,,,,,,,,,,,,,,,,,,,,,,,,,,,,,,,,,,,,,,,,,,,,,,,,,,,,,,,,,,,,,,,,,,,,,,,,,,,,,,,,,,6.300,Não,,,,,,,,,,,,,,,,,,,,,14838_*:*_1_*:*_7061_*|*_14518_*:*_1_*:*_52286_*|*_14522_*:*_1_*:*_0,14838_*:*_1_*:*_7061_*|*_14518_*:*_1_*:*_52286_*|*_14522_*:*_1_*:*_0,,,Itens concluídos,27/mar/26 12:44 PM
6.300 - Atualização cadastral da base geométrica – Cliente TTG  ,UNF2026-173,182254,Tarefa,Concluído,UNF2026,2026 - UNIDADE ESTRATÉGICA ,software,Adenilton Silva,633212a0fedc6169aed6fd7c,,,Itens concluídos,Adenilton Silva,633212a0fedc6169aed6fd7c,Adenilton Silva,633212a0fedc6169aed6fd7c,Adenilton Silva,633212a0fedc6169aed6fd7c,27/mar/26 9:42 AM,27/mar/26 10:12 AM,,27/mar/26 10:12 AM,,0,"Foi solicitado ao cliente TTG o envio da base geométrica completa para realização de atualização cadastral.

*Contexto Técnico:*
O cliente encaminhou a base completa conforme solicitado. A atualização se faz necessária para garantir consistência cadastral e evitar divergências relacionadas a geometrias parciais ou duplicadas.

*Objetivo:*
Realizar o tratamento da base recebida e efetuar a atualização da base geométrica no ambiente.

*Ações Técnicas:*

* Validar integridade da base enviada (arquivos SHP, SHX, DBF, PRJ)
* Identificar e tratar possíveis inconsistências (duplicidades, sobreposições, geometrias inválidas)
* Preparar base final para importação
* Executar atualização cadastral no sistema
* Validar dados após atualização

*Critério de Encerramento:*
Base geométrica atualizada com sucesso no sistema, sem inconsistências, e validada conforme esperado.",,Adenilton Silva,633212a0fedc6169aed6fd7c,;27/mar/26 10:12 AM;633212a0fedc6169aed6fd7c;1680,,5400,3720,1680,31%,5400,3720,1680,,,,,,,,,,,,,,,,,,,,,,,,,,com.atlassian.servicedesk.plugins.approvals.internal.customfield.ApprovalsCFValue@475c60e4,,,,"Arquivos Poluídos com área não produtivas.

Foi enviado um e-mail ao coordenado [~accountid:62d69f3a1834ae63caf7dcb4]  para o mesmo solicitar ao cliente.



Estaremos no aguardo para seguri com os devidos prcedimentos assim que recermos a base completa.",,,,,,,,,,,,,,,,,,,,,,,,,,,,,,,,Difícil,,,,,,,,,,,,,,,,,,,,,,,,27/mar/26 9:42 AM,27/mar/26 9:43 AM,27/mar/26 10:12 AM,27/mar/26 9:43 AM,,,,27/mar/26 9:42 AM,,,,,,,,,,,{},,,,,,,,,1.0,29.0,,,,,,,,,,,,,,,,,,Sim ,,,,,,,,,,,,,,,,,,,,,,,,,,,,,,,,,,,,,,,E-mail,,,,,,,,Cadastro e Gestão de Geometrias,,,,,,,,,,,,,,,,,,,,,,,,,,,,,,,,,,,,,,,,,,,,,,,,,,,,,,,,,,,,,,,,,,,,,,,,,1|i041pu:,,,,,,,,,,,,,,,,,,,,,,,,,,,,,,,,,,,,,,,,,,,,,,,,,,,,,,,,,,,,,,,,,,,,,,,,,,,,,,,,,,,,,,,,,,,,,,,,,,,,,,,,,,,,,,,,,,,,,,6.300,Não,,,,,,,,,,,,,,,,,,,,,14838_*:*_1_*:*_15565_*|*_14518_*:*_1_*:*_0,14838_*:*_1_*:*_15565_*|*_14518_*:*_1_*:*_0,,,Itens concluídos,27/mar/26 10:12 AM
6.300 - Fluxo de trabalho inválido – Plantio mecanizado (Escavadeira hidráulica) ,UNF2026-165,181271,Tarefa,Concluído,UNF2026,2026 - UNIDADE ESTRATÉGICA ,software,Adenilton Silva,633212a0fedc6169aed6fd7c,,,Itens concluídos,Adenilton Silva,633212a0fedc6169aed6fd7c,Adenilton Silva,633212a0fedc6169aed6fd7c,Adenilton Silva,633212a0fedc6169aed6fd7c,23/mar/26 2:57 PM,26/mar/26 10:35 AM,,26/mar/26 10:34 AM,,0,"O técnico Marcelo Medina solicitou apoio devido à geração de fluxo de trabalho inválido na função de plantio mecanizado, especificamente envolvendo o veículo Escavadeira hidráulica.

*Contexto Técnico:*
Durante a execução do fluxo de trabalho relacionado ao plantio mecanizado, foi identificado comportamento inválido no processamento associado ao equipamento Escavadeira hidráulica. A inconsistência pode estar relacionada à configuração da atividade, vínculo de equipamento ou regras do workflow no sistema.

*Objetivo:*
Analisar e corrigir a causa da geração de fluxo de trabalho inválido na operação de plantio mecanizado, garantindo a execução correta do processo com o equipamento informado.

*Ações Técnicas:*

* Validar configuração da atividade “Plantio mecanizado”
* Verificar vínculo e cadastro do veículo Escavadeira hidráulica
* Analisar regras e parâmetros do workflow executado
* Revisar logs de execução para identificação de inconsistências
* Ajustar configuração ou lógica conforme necessário
* Realizar testes após correção

*Critério de Encerramento:*
Fluxo de trabalho executando corretamente sem geração de inconsistências para a atividade de plantio mecanizado com o veículo Escavadeira hidráulica, validado junto ao técnico solicitante.",,Adenilton Silva,633212a0fedc6169aed6fd7c,;23/mar/26 3:03 PM;633212a0fedc6169aed6fd7c;1320,,,0,1320,,,0,1320,,,,,,,,,,,,,,,,,,,,,,,,,,com.atlassian.servicedesk.plugins.approvals.internal.customfield.ApprovalsCFValue@445405ac,,,,"Estava com uma ativida de parada inserida errada, em vez de plantio mecanizado, estava com Produção, e também não estava com o retorno automático ao fluxo de descolamento entre UP, foi ajustado, e retornado ao técnico solicitante.

Realizadom contato com o técnico [~accountid:712020:e15b2896-445b-477c-9eee-1230a94705b6], o mesmo nos deu um positivo, que está respondendo conforme o esperado.",,,,,,,,,,,,,,,,,,,,,,,,,,,,,,,,Médio,,,,,,,,,,,,,,,,,,,,,,,23/mar/26 3:03 PM,23/mar/26 2:56 PM,23/mar/26 3:02 PM,26/mar/26 10:34 AM,23/mar/26 3:02 PM,,,,23/mar/26 2:56 PM,,,,,,,,,,,{},,,,,,,,4052.0,6.0,1.0,,,,,,,,,,,,,,,,,,Sim ,,,,,,,,,,,,,,,,,,,,,,,,,,,,,,,,,,,,,,,WhatsApp - PV,,,,,,,,Suporte Técnico e Treinamento,,,,,,,,,,,,,,,,,,,,,,,,,,,,,,,,,,,,,,,,,,,,,,,,,,,,,,,,,,,,,,,,,,,,,,,,,1|i040ru:,,,,,,,,,,,,,,,,,,,,,,,,,,,,,,,,,,,,,,,,,,,,,,,,,,,,,,,,,,,,,,,,,,,,,,,,,,,,,,,,,,,,,,,,,,,,,,,,,,,,,,,,,,,,,,,,,,,,,,6.400,Talvez,,,,,,,,,,,,,,,,,,,,,14838_*:*_1_*:*_264848_*|*_14518_*:*_1_*:*_84597_*|*_14520_*:*_1_*:*_0,14838_*:*_1_*:*_264848_*|*_14518_*:*_1_*:*_84597_*|*_14520_*:*_1_*:*_0,,,Itens concluídos,26/mar/26 10:34 AM
6.300 - Análise de Providers List e abertura de GDC – Suzano Horizonte ,UNF2026-123,178128,Tarefa,Concluído,UNF2026,2026 - UNIDADE ESTRATÉGICA ,software,Adenilton Silva,633212a0fedc6169aed6fd7c,,,Itens concluídos,Adenilton Silva,633212a0fedc6169aed6fd7c,Adenilton Silva,633212a0fedc6169aed6fd7c,Adenilton Silva,633212a0fedc6169aed6fd7c,06/mar/26 1:53 PM,10/mar/26 4:47 PM,,10/mar/26 4:47 PM,,0,"O técnico Matheus Santana encaminhou via WhatsApp um arquivo contendo a providers list para inserção no ambiente do cliente Suzano Horizonte. Foi solicitado apoio para análise das informações e verificação da necessidade de abertura de GDC para cadastro dos provedores.

Contexto Técnico
O arquivo recebido contém a listagem de providers que deverão ser inseridos no ambiente do cliente. Antes da inserção é necessário validar as informações presentes no arquivo, garantindo que os provedores não estejam previamente cadastrados no ambiente e que os dados estejam adequados para o processo de cadastro. Caso seja identificado que os provedores ainda não existem no ambiente, será necessária a abertura de GDC para formalizar o processo de criação.

Objetivo
Realizar a análise da providers list enviada e garantir o correto procedimento para cadastro dos provedores no ambiente do cliente Suzano Horizonte.

Ações Técnicas
Analisar o arquivo de providers list enviado pelo técnico.
Validar se os provedores já existem no ambiente do cliente.
Conferir consistência das informações necessárias para cadastro.
Abrir GDC caso seja necessário o cadastro de novos provedores.
Registrar evidências do processo de análise e encaminhamentos realizados.

Critério de Encerramento
Providers devidamente analisados.
GDC aberta (caso aplicável) para cadastro dos provedores.
Registro da análise e das ações realizadas documentado no ticket.",,Adenilton Silva,633212a0fedc6169aed6fd7c,;10/mar/26 4:47 PM;633212a0fedc6169aed6fd7c;1980,,3600,1620,1980,55%,3600,1620,1980,,,,,,,,,,,,,,,,,,,,,,,,,,com.atlassian.servicedesk.plugins.approvals.internal.customfield.ApprovalsCFValue@3e85173f,,,,"Analisado o arquivo via script CMD, o memso apresentaram diversos erros que foram corrigidos.

Aberto [GDC-17022|https://agguidance.atlassian.net/servicedesk/customer/portal/3/GDC-17022].

Atualizado.",,,,,,,,,,,,,,,,,,,,,,,,,,,,,,,,Médio,,,,,,,,,,,,,,,,,,,,,,06/mar/26 2:39 PM,,06/mar/26 1:52 PM,06/mar/26 1:54 PM,10/mar/26 4:47 PM,06/mar/26 1:54 PM,,,,06/mar/26 1:52 PM,,,,,,,,,,,{},,,,,,,5888.0,,2.0,45.0,,,,,,,,,,,,,,,,,,Sim ,,,,,,,,,,,,,,,,,,,,,,,,,,,,,,,,,,,,,,,WhatsApp - PV,,,,,,,,Gestão de Dados e Integração,,,,,,,,,,,,,,,,,,,,,,,,,,,,,,,,,,,,,,,,,,,,,,,,,,,,,,,,,,,,,,,,,,,,,,,,,1|i03vw6:,,,,,,,,,,,,,,,,,,,,,,,,,,,,,,,,,,,,,,,,,,,,,,,,,,,,,,,,,,,,,,,,,,,,,,,,,,,,,,,,,,,,,,,,,,,,,,,,,,,,,,,,,,,,,,,,,,,,,,6.300,Talvez,,,,,,,,,,,,,,,,,,,,,14838_*:*_1_*:*_8195_*|*_14518_*:*_1_*:*_2753450_*|*_14522_*:*_1_*:*_0,14838_*:*_1_*:*_8195_*|*_14518_*:*_1_*:*_2753450_*|*_14522_*:*_1_*:*_0,,,Itens concluídos,10/mar/26 4:47 PM
6.300 - Suzano - Cerrado - Analisar BD - Logins sem permissões,UNF2026-124,178187,Tarefa,Concluído,UNF2026,2026 - UNIDADE ESTRATÉGICA ,software,Adenilton Silva,633212a0fedc6169aed6fd7c,,,Itens concluídos,Adenilton Silva,633212a0fedc6169aed6fd7c,Adenilton Silva,633212a0fedc6169aed6fd7c,Adenilton Silva,633212a0fedc6169aed6fd7c,06/mar/26 7:27 PM,09/mar/26 8:44 AM,,09/mar/26 8:44 AM,,0,"O técnico [~accountid:712020:6c42c3f9-35c5-48d4-9271-bfa26979c0c4] , realizou contato devido falhas na permissões doslogins dos operadores, realizamos uma call e constatamos uma falha no banco.

Os bancos estão rodando temporáriamente com o monitoring.db atualizado manualmente .",,Adenilton Silva,633212a0fedc6169aed6fd7c,;09/mar/26 8:44 AM;633212a0fedc6169aed6fd7c;7740,,10800,3060,7740,71%,10800,3060,7740,,,,,,,,,,,,,,,,,,,,,,,,,,com.atlassian.servicedesk.plugins.approvals.internal.customfield.ApprovalsCFValue@78b45a78,,,,"Foi analisado e identificado, que alteraram as permossões dos operadores, e com isso removeram a permissão de acessar o menu, foi identificado e corrigido tal divergêcia.",,,,,,,,,,,,,,,,,,,,,,,,,,,,,,,,Difícil,,,,,,,,,,,,,,,,,,,,,,,,06/mar/26 7:24 PM,09/mar/26 7:56 AM,09/mar/26 8:44 AM,09/mar/26 7:56 AM,,,,06/mar/26 7:24 PM,,,,,,,,,,,{},,,,,,,,,3632.0,48.0,,,,,,,,,,,,,,,,,,Não,,,,,,,,,,,,,,,,,,,,,,,,,,,,,,,,,,,,,,,WhatsApp - PV,,,,,,,,Gestão de Dados e Integração,,,,,,,,,,,,,,,,,,,,,,,,,,,,,,,,,,,,,,,,,,,,,,,,,,,,,,,,,,,,,,,,,,,,,,,,,1|i03w0m:,,,,,,,,,,,,,,,,,,,,,,,,,,,,,,,,,,,,,,,,,,,,,,,,,,,,,,,,,,,,,,,,,,,,,,,,,,,,,,,,,,,,,,,,,,,,,,,,,,,,,,,,,,,,,,,,,,,,,,6.300,Não,,,,,,,,,,,,,,,,,,,,,14838_*:*_1_*:*_217771389_*|*_14518_*:*_1_*:*_0,14838_*:*_1_*:*_217771389_*|*_14518_*:*_1_*:*_0,,,Itens concluídos,09/mar/26 8:44 AM
6.300 - Análise de configurações e integrações – Produtor TTG (Carpelo e JS),UNF2026-106,176392,Tarefa,Concluído,UNF2026,2026 - UNIDADE ESTRATÉGICA ,software,Adenilton Silva,633212a0fedc6169aed6fd7c,,,Itens concluídos,Adenilton Silva,633212a0fedc6169aed6fd7c,Adenilton Silva,633212a0fedc6169aed6fd7c,Adenilton Silva,633212a0fedc6169aed6fd7c,25/fev/26 9:07 AM,05/mar/26 1:58 PM,,05/mar/26 1:56 PM,,0,"Solicitação do técnico Marcelo Medina para análise das configurações e integrações do produtor TTG.

Provedores envolvidos:
Carpelo
JS

Objetivo é revisar o cenário atual, validar possíveis inconsistências e verificar se as integrações estão ocorrendo conforme esperado.

Ações

– Levantar configurações atuais do TTG para os provedores Carpelo e JS
– Validar integrações ativas e fluxos de comunicação
– Identificar possíveis ajustes ou inconsistências
– Retornar posicionamento técnico após análise",,Adenilton Silva,633212a0fedc6169aed6fd7c,;26/fev/26 9:06 AM;633212a0fedc6169aed6fd7c;2100,;05/mar/26 1:58 PM;633212a0fedc6169aed6fd7c;4320,3600,0,6420,178%,3600,0,6420,,,,,,,,,,,,,,,,,,,,,,,,,,com.atlassian.servicedesk.plugins.approvals.internal.customfield.ApprovalsCFValue@390e07d3,,,,"Analisados os displays no SWS x Admin, faltam cadastros no Admin, também à apenas 3 funções cadastradas no Admin, foi retornado ao técnico media, o mesmo irá ajustar as pendências e nos retornar.

O técnico Medina, fez os devidos ajustes e nos retornou, realimos os devidos alinhamentos entre os bancos, e está ok.



Também realizamos um cadatsro de estrutura e um ajuste para recebimento das mesmos pois não havia configuração no CR.",,,,,,,,,,,,,,,,,,,,,,,,,,,,,,,,Médio,,,,,,,,,,,,,,,,,,,,,,,26/fev/26 9:06 AM,,05/mar/26 12:41 PM,05/mar/26 1:56 PM,26/fev/26 8:34 AM,,,,25/fev/26 9:02 AM,,,,,,,,,,,{},,,,,,,,10295.0,0.0,107.0,,,,,,,,,,,,,,,,,,Sim ,,,,,,,,,,,,,,,,,,,,,,,,,,,,,,,,,,,,,,,WhatsApp - PV,,,,,,,,Gestão de Dados e Integração,,,,,,,,,,,,,,,,,,,,,,,,,,,,,,,,,,,,,,,,,,,,,,,,,,,,,,,,,,,,,,,,,,,,,,,,,1|i03teu:,,,,,,,,,,,,,,,,,,,,,,,,,,,,,,,,,,,,,,,,,,,,,,,,,,,,,,,,,,,,,,,,,,,,,,,,,,,,,,,,,,,,,,,,,,,,,,,,,,,,,,,,,,,,,,,,,,,,,,6.300,Talvez,,,,,,,,,,,,,,,,,,,,,14838_*:*_1_*:*_84438688_*|*_14518_*:*_2_*:*_1918915_*|*_14520_*:*_1_*:*_617700035,14838_*:*_1_*:*_84438688_*|*_14518_*:*_2_*:*_1918915_*|*_14520_*:*_1_*:*_617700035,,,Itens concluídos,05/mar/26 1:56 PM
6.300 - Cadastro de talhões comerciais – Fazenda TRF Leque – Carpelo  Descrição  Resumo da Solicitação,UNF2026-108,176704,Tarefa,Concluído,UNF2026,2026 - UNIDADE ESTRATÉGICA ,software,Adenilton Silva,633212a0fedc6169aed6fd7c,,,Itens concluídos,Adenilton Silva,633212a0fedc6169aed6fd7c,Adenilton Silva,633212a0fedc6169aed6fd7c,Adenilton Silva,633212a0fedc6169aed6fd7c,26/fev/26 2:05 PM,27/fev/26 11:50 AM,,27/fev/26 11:50 AM,,0,"Recebido e-mail da analista Letícia Vaz Molinari solicitando o cadastro dos talhões comerciais da Fazenda TRF – Leque no provedor da empresa Carpelo.

Contexto Técnico
Solicitante: Letícia Vaz Molinari
Empresa: TTG Brasil
Fazenda: TRF – Leque
Provedor: Carpelo
Anexo recebido: 20260225_TRF_-_Leque.zip
Origem: E-mail

Objetivo
Realizar o cadastro dos talhões comerciais da Fazenda TRF – Leque no provedor Carpelo, conforme base encaminhada.

Ações Técnicas

* Validar integridade do arquivo recebido
* Conferir projeção e estrutura das geometrias
* Verificar possíveis duplicidades na base atual
* Realizar cadastro dos talhões no provedor Carpelo
* Validar sincronização no sistema",,Adenilton Silva,633212a0fedc6169aed6fd7c,;27/fev/26 11:50 AM;633212a0fedc6169aed6fd7c;1620,,3600,1980,1620,45%,3600,1980,1620,,,,,,,,,,,,,,,,,,,,,,,,,,com.atlassian.servicedesk.plugins.approvals.internal.customfield.ApprovalsCFValue@151a6daa,,,,"Base tratada e cadastrada conforme o padrão esperado.
Retornado ao cliente via e-mail.",,,,,,,,,,,,,,,,,,,,,,,,,,,,,,,,Difícil,,,,,,,,,,,,,,,,,,,,,,,,26/fev/26 2:04 PM,27/fev/26 11:22 AM,27/fev/26 11:50 AM,27/fev/26 11:22 AM,,,,26/fev/26 2:04 PM,,,,,,,,,,,{},,,,,,,,,1278.0,28.0,,,,,,,,,,,,,,,,,,Sim ,,,,,,,,,,,,,,,,,,,,,,,,,,,,,,,,,,,,,,,E-mail,,,,,,,,Cadastro e Gestão de Geometrias,,,,,,,,,,,,,,,,,,,,,,,,,,,,,,,,,,,,,,,,,,,,,,,,,,,,,,,,,,,,,,,,,,,,,,,,,1|i03twu:,,,,,,,,,,,,,,,,,,,,,,,,,,,,,,,,,,,,,,,,,,,,,,,,,,,,,,,,,,,,,,,,,,,,,,,,,,,,,,,,,,,,,,,,,,,,,,,,,,,,,,,,,,,,,,,,,,,,,,6.300,Não,,,,,,,,,,,,,,,,,,,,,14838_*:*_1_*:*_76565792_*|*_14518_*:*_1_*:*_0,14838_*:*_1_*:*_76565792_*|*_14518_*:*_1_*:*_0,,,Itens concluídos,27/fev/26 11:50 AM
6.300 - Análise de Arquivos JFI com Problema de Cabeçalho – Técnico Matheus Santana,UNF2026-96,175683,Tarefa,Concluído,UNF2026,2026 - UNIDADE ESTRATÉGICA ,software,Adenilton Silva,633212a0fedc6169aed6fd7c,,,Itens concluídos,Adenilton Silva,633212a0fedc6169aed6fd7c,Adenilton Silva,633212a0fedc6169aed6fd7c,Adenilton Silva,633212a0fedc6169aed6fd7c,23/fev/26 10:14 AM,23/fev/26 10:28 AM,,23/fev/26 10:27 AM,,0,"Descrição

O técnico Matheus Santana solicitou apoio para análise de dois arquivos JFI que apresentam possível inconsistência no cabeçalho.

Segundo informado, os CTIs já foram atualizados, porém os arquivos continuam apresentando problema.

Arquivos envolvidos:

24713_20260126_JFI MS_ADUBACAO_0000.TI
24713_20260130_JFI MS_ADUBACAO_0001.TI",,Adenilton Silva,633212a0fedc6169aed6fd7c,;23/fev/26 10:28 AM;633212a0fedc6169aed6fd7c;780,,3600,2820,780,21%,3600,2820,780,,,,,,,,,,,,,,,,,,,,,,,,,,com.atlassian.servicedesk.plugins.approvals.internal.customfield.ApprovalsCFValue@4e0a7532,,,,"* Analisado os arquivos
* Arquivos pequenos de 3 e 5 kb, sem área produtiva.

Realizado a devolutiva para o técnico Matheus Santana.",,,,,,,,,,,,,,,,,,,,,,,,,,,,,,,,Fácil,,,,,,,,,,,,,,,,,,,,,,,,,,23/fev/26 10:27 AM,23/fev/26 10:14 AM,,,,23/fev/26 10:12 AM,,,,,,,,,,,{},,,,,,,,,,,,,,,,,,,,,,,,,,,,Sim ,,,,,,,,,,,,,,,,,,,,,,,,,,,,,,,,,,,,,,,WhatsApp - PV,,,,,,,,Suporte Técnico e Treinamento,,,,,,,,,,,,,,,,,,,,,,,,,,,,,,,,,,,,,,,,,,,,,,,,,,,,,,,,,,,,,,,,,,,,,,,,,1|i03sry:,,,,,,,,,,,,,,,,,,,,,,,,,,,,,,,,,,,,,,,,,,,,,,,,,,,,,,,,,,,,,,,,,,,,,,,,,,,,,,,,,,,,,,,,,,,,,,,,,,,,,,,,,,,,,,,,,,,,,,6.300,Sim,,,,,,,,,,,,,,,,,,,,,14838_*:*_1_*:*_7502_*|*_14518_*:*_1_*:*_0,14838_*:*_1_*:*_7502_*|*_14518_*:*_1_*:*_0,,,Itens concluídos,23/fev/26 10:27 AM
6.300 - Cadastro de Nova Base – Cliente COPA,UNF2026-80,174920,Tarefa,Concluído,UNF2026,2026 - UNIDADE ESTRATÉGICA ,software,Adenilton Silva,633212a0fedc6169aed6fd7c,,Normal,Itens concluídos,Adenilton Silva,633212a0fedc6169aed6fd7c,Adenilton Silva,633212a0fedc6169aed6fd7c,Adenilton Silva,633212a0fedc6169aed6fd7c,19/fev/26 8:02 AM,19/fev/26 10:37 AM,,19/fev/26 10:37 AM,,0,"h3. *Descrição:*

O cliente *COPA* enviou e-mail solicitando o cadastro de uma nova base no sistema.

Foi encaminhado em anexo o arquivo:
*ConquistaII_SimaroI.rar*

A solicitação refere-se à atualização da base com inclusão dos projetos:

* Conquista II
* Simaro I

----

h3. *Ações a serem tomadas.*

* Validar integridade dos arquivos SHP recebidos.
* Conferir sistema de coordenadas da base.
* Realizar cadastro da nova base no sistema.
* Validar sobreposição com bases já existentes.
* Retornar ao cliente após conclusão.",,Adenilton Silva,633212a0fedc6169aed6fd7c,;19/fev/26 10:36 AM;633212a0fedc6169aed6fd7c;1380,,3600,2220,1380,38%,3600,2220,1380,,,,,,,,,,,,,,,,,,,,,,,,,,com.atlassian.servicedesk.plugins.approvals.internal.customfield.ApprovalsCFValue@527ecef6,,,,"Retornado via e-mail ao cliente, conforme o programado.",,,,,,,,,,,,,,,,,,,,,,,,,,,,,,,,Difícil,,,,,,,,,,,,,,,,,,,,,,,,,,19/fev/26 10:40 AM,19/fev/26 10:16 AM,,,,18/fev/26 8:47 AM,,,,,,,,,,,{},,,,,,,,,,,,,,,,,,,,,,,,,,,,Sim ,,,,,,,,,,,,,,,,,,,,,,,,,,,,,,,,,,,,,,,E-mail,,,,,,,,Análise e Diagnóstico de Bugs Embarcados,,,,,,,,,,,,,,,,,,,,,,,,,,,,,,,,,,,,,,,,,,,,,,,,,,,,,,,,,,,,,,,,,,,,,,,,,1|i03rr6:,,,,,,,,,,,,,,,,,,,,,,,,,,,,,,,,,,,,,,,,,,,,,,,,,,,,,,,,,,,,,,,,,,,,,,,,,,,,,,,,,,,,,,,,,,,,,,,,,,,,,,,,,,,,,,,,,,,,,,6.300,Não,,,,,,,,,,,,,,,,,,,,,14517_*:*_1_*:*_8057640_*|*_14518_*:*_1_*:*_0,14517_*:*_1_*:*_8057640_*|*_14518_*:*_1_*:*_0,,,Itens concluídos,19/fev/26 10:37 AM
6.300 - Erro no SWS ao processar arquivo de pontos (NullPointerException),UNF2026-68,171701,Tarefa,Concluído,UNF2026,2026 - UNIDADE ESTRATÉGICA ,software,Adenilton Silva,633212a0fedc6169aed6fd7c,,Normal,Itens concluídos,Adenilton Silva,633212a0fedc6169aed6fd7c,Adenilton Silva,633212a0fedc6169aed6fd7c,Adenilton Silva,633212a0fedc6169aed6fd7c,06/fev/26 10:26 AM,06/fev/26 5:31 PM,,06/fev/26 5:31 PM,,0,"*Descrição:*
O técnico *Matheus Santana* solicitou apoio para análise e reprocessamento no SWS após erro durante o processamento de um arquivo de pontos. O sistema apresenta a mensagem *“Erro de leitura: valor de atributo de feature null. java.lang.NullPointerException”*, além do alerta indicando que o arquivo contém pontos já cadastrados no banco de dados. É necessário realizar a análise do arquivo e efetuar o reprocessamento adequado.",,Adenilton Silva,633212a0fedc6169aed6fd7c,;06/fev/26 5:30 PM;633212a0fedc6169aed6fd7c;3240,,3600,360,3240,90%,3600,360,3240,,,,,,,,,,,,,,,,,,,,,,,,,,com.atlassian.servicedesk.plugins.approvals.internal.customfield.ApprovalsCFValue@23410bfa,,,,Retornado ao técnico com o parecerr positivo.,,,,,,,,,,,,,,,,,,,,,,,,,,,,,,,,Médio,,,,,,,,,,,,,,,,,,,,,,,,,,06/fev/26 5:30 PM,06/fev/26 3:00 PM,,,,05/fev/26 3:33 PM,,,,,,,,,,,{},,,,,,,,,,,,,,,,,,,,,,,,,,,,Sim ,,,,,,,,,,,,,,,,,,,,,,,,,,,,,,,,,,,,,,,WhatsApp - PV,,,,,,,,Análise e Diagnóstico de Bugs Embarcados,,,,,,,,,,,,,,,,,,,,,,,,,,,,,,,,,,,,,,,,,,,,,,,,,,,,,,,,,,,,,,,,,,,,,,,,,1|i03n1c:02,,,,,,,,,,,,,,,,,,,,,,,,,,,,,,,,,,,,,,,,,,,,,,,,,,,,,,,,,,,,,,,,,,,,,,,,,,,,,,,,,,,,,,,,,,,,,,,,,,,,,,,,,,,,,,,,,,,,,,6.300,Talvez,,,,,,,,,,,,,,,,,,,,,14517_*:*_1_*:*_17980999_*|*_14518_*:*_1_*:*_0,14517_*:*_1_*:*_17980999_*|*_14518_*:*_1_*:*_0,,,Itens concluídos,06/fev/26 5:31 PM
6.300 - OM com alerta TPP003 – Operando fora de área cadastrada | Solicitação de apoio,UNF2026-67,171699,Tarefa,Concluído,UNF2026,2026 - UNIDADE ESTRATÉGICA ,software,Adenilton Silva,633212a0fedc6169aed6fd7c,,Normal,Itens concluídos,Adenilton Silva,633212a0fedc6169aed6fd7c,Adenilton Silva,633212a0fedc6169aed6fd7c,Adenilton Silva,633212a0fedc6169aed6fd7c,06/fev/26 10:11 AM,06/fev/26 2:34 PM,,06/fev/26 2:34 PM,,0,"h3. *Descrição*

O técnico *Matheus Ferreira de Santana* solicitou apoio para *análise no OM (Operations Manager)* devido à ocorrência do alerta *TPP003 – Operando fora de área cadastrada* durante o processamento de uma atividade de adubação.

O processamento encontra-se no estado *“Processando com alertas”*, impedindo a consolidação correta dos dados.

----

h3. *Contexto da Operação*

* *Produtor:* Suzano – Cerrado
* *Fornecedor:* JFI-MS
* *Função:* Adubação de Cobertura (1ª passada)
* *Veículo:* FADB1 JFI
* *Arquivo:* 29806_20260114_JFI_MS_ADBJFI00_0000.ti
* *Enviado por:* Matheus Ferreira de Santana
* *Data de envio:* 05/02/2026 – 11:15

----

h3. *Detalhes do Processamento (OM)*

* *Split:* 0
** *Período:* 14/01/2026 08:31 – 14/01/2026 16:01

h4. *Processador de Pontos*

* ✅ ti_file_importer
* ⚠️ ti_file_processor_function
* ✅ ti_points_models_forward
* 🔴 *TPP003 – Operando fora de área cadastrada*

h4. *Processador de Consolidações*

* Sem detalhes disponíveis

----

h3. *Indícios do Problema*

* Operação registrada fora dos limites da *área cadastrada*
* Possível causa relacionada a:
** Geometria do talhão desatualizada ou incorreta
** Diferença de projeção / sistema de coordenadas
** Atividade executada parcialmente fora do polígono cadastrado
** Deslocamento de GPS ou ruído nos pontos

----

h3. *Ações Solicitadas*

* Analisar ocorrência do alerta *TPP003* no OM
* Verificar sobreposição dos pontos com a área cadastrada
* Validar:
** Geometria do talhão
** Sistema de coordenadas
** Extensão dos pontos fora da área
* Orientar se é necessário:
** Ajuste de cadastro
** Reprocessamento do arquivo
** Correção de polígono

----

h3. *Evidências*

* Print do OM com alerta *TPP003 – Operando fora de área cadastrada* (anexo)

----

h3. *Solicitante*

* *Técnico:* Matheus Ferreira de Santana

----

h3. *Critérios de Aceitação*

* Análise concluída no OM
* Causa do alerta TPP003 identificada
* Definição clara de ação corretiva (ou validação do alerta)
* Retorno ao técnico com orientação final",,Adenilton Silva,633212a0fedc6169aed6fd7c,;06/fev/26 2:32 PM;633212a0fedc6169aed6fd7c;2520,,3600,1080,2520,70%,3600,1080,2520,,,,,,,,,,,,,,,,,,,,,,,,,,com.atlassian.servicedesk.plugins.approvals.internal.customfield.ApprovalsCFValue@5c63d045,,,,Retornado ao técnico resposável.,,,,,,,,,,,,,,,,,,,,,,,,,,,,,,,,Médio,,,,,,,,,,,,,,,,,,,,,,,,,,06/fev/26 2:32 PM,06/fev/26 1:52 PM,,,,05/fev/26 12:40 PM,,,,,,,,,,,{},,,,,,,,,,,,,,,,,,,,,,,,,,,,Sim ,,,,,,,,,,,,,,,,,,,,,,,,,,,,,,,,,,,,,,,WhatsApp - PV,,,,,,,,Suporte Técnico e Treinamento,,,,,,,,,,,,,,,,,,,,,,,,,,,,,,,,,,,,,,,,,,,,,,,,,,,,,,,,,,,,,,,,,,,,,,,,,1|i03n1c:04,,,,,,,,,,,,,,,,,,,,,,,,,,,,,,,,,,,,,,,,,,,,,,,,,,,,,,,,,,,,,,,,,,,,,,,,,,,,,,,,,,,,,,,,,,,,,,,,,,,,,,,,,,,,,,,,,,,,,,6.300,Talvez,,,,,,,,,,,,,,,,,,,,,14517_*:*_1_*:*_13275297_*|*_14518_*:*_1_*:*_0,14517_*:*_1_*:*_13275297_*|*_14518_*:*_1_*:*_0,,,Itens concluídos,06/fev/26 2:34 PM
6.300 - Talhão C1GW18 apresentando tela rosa – Solicitação de apoio técnico,UNF2026-66,171698,Tarefa,Concluído,UNF2026,2026 - UNIDADE ESTRATÉGICA ,software,Adenilton Silva,633212a0fedc6169aed6fd7c,,Normal,Itens concluídos,Adenilton Silva,633212a0fedc6169aed6fd7c,Adenilton Silva,633212a0fedc6169aed6fd7c,Adenilton Silva,633212a0fedc6169aed6fd7c,06/fev/26 10:03 AM,06/fev/26 1:52 PM,,06/fev/26 1:52 PM,,0,"*Descrição*

O talhão *C1GW18*, pertencente ao produtor *Suzano-Cerrado*, está apresentando *tela rosa* ao acessar os detalhes da atividade no sistema.

O problema foi identificado durante o acompanhamento da atividade *P57831 – Preparo de solo com adubação (M2)*, no período de *30/01/2025 a 04/02/2025*, e impede a visualização correta das informações do talhão.

O técnico *Marcelo Medina* solicitou *apoio técnico* para análise e correção do problema.

----

h3. *Contexto do Talhão*

* *Produtor:* Suzano-Cerrado
* *Fazenda:* Coqueiro
* *Talhão:* C1GW18
* *Provedor:* MOD4 CERRADO
* *Atividade:* P57831 – Preparo de solo com adubação (M2)
* *Status da Atividade:* 70,4%
* *Área do Talhão:* 61,92 ha
* *Área Trabalhada:* 43,6 ha

----

h3. *Problema Identificado*

* Tela do talhão exibida em *rosa*
* Possível falha de:
** Renderização do mapa
** Carregamento de geometria
** Inconsistência de dados espaciais (SHP / geometria inválida)
* Impacto direto na visualização e validação da atividade pelo técnico

----

h3. *Ações Solicitadas*

* Verificar integridade da *geometria do talhão*
* Validar carregamento do *mapa e camadas associadas*
* Conferir possíveis erros de:
** Projeção / sistema de coordenadas
** Polígono inválido ou corrompido
* Orientar técnico sobre reprocessamento, se necessário
* Normalizar visualização do talhão no sistema

----

h3. *Evidências*

* Print da tela com ocorrência de *tela rosa* (anexo)",,Adenilton Silva,633212a0fedc6169aed6fd7c,;06/fev/26 1:51 PM;633212a0fedc6169aed6fd7c;1380,,,0,1380,,,0,1380,,,,,,,,,,,,,,,,,,,,,,,,,,com.atlassian.servicedesk.plugins.approvals.internal.customfield.ApprovalsCFValue@638baea1,,,,Foi identificado a causa e retornado ao técnico resposável.,,,,,,,,,,,,,,,,,,,,,,,,,,,,,,,,Fácil,,,,,,,,,,,,,,,,,,,,,,,,,,06/fev/26 1:51 PM,06/fev/26 1:40 PM,,,,04/fev/26 12:44 PM,,,,,,,,,,,{},,,,,,,,,,,,,,,,,,,,,,,,,,,,Sim ,,,,,,,,,,,,,,,,,,,,,,,,,,,,,,,,,,,,,,,WhatsApp - PV,,,,,,,,Suporte Técnico e Treinamento,,,,,,,,,,,,,,,,,,,,,,,,,,,,,,,,,,,,,,,,,,,,,,,,,,,,,,,,,,,,,,,,,,,,,,,,,1|i03n1c:09,,,,,,,,,,,,,,,,,,,,,,,,,,,,,,,,,,,,,,,,,,,,,,,,,,,,,,,,,,,,,,,,,,,,,,,,,,,,,,,,,,,,,,,,,,,,,,,,,,,,,,,,,,,,,,,,,,,,,,6.300,Sim,,,,,,,,,,,,,,,,,,,,,14517_*:*_1_*:*_12730054_*|*_14518_*:*_1_*:*_0,14517_*:*_1_*:*_12730054_*|*_14518_*:*_1_*:*_0,,,Itens concluídos,06/fev/26 1:52 PM
6.300 - Erro de leitura em monitor – Arquivo de linhas de preparo,UNF2026-55,168945,Tarefa,Concluído,UNF2026,2026 - UNIDADE ESTRATÉGICA ,software,Adenilton Silva,633212a0fedc6169aed6fd7c,,Normal,Itens concluídos,Adenilton Silva,633212a0fedc6169aed6fd7c,Adenilton Silva,633212a0fedc6169aed6fd7c,Adenilton Silva,633212a0fedc6169aed6fd7c,28/jan/26 10:34 AM,29/jan/26 10:22 AM,,29/jan/26 10:22 AM,,0,"h3. *Descrição*

Estamos com problema na leitura de um arquivo no monitor.
O sistema aponta um erro com a mensagem semelhante a *“Guia não identificada”*.
O arquivo segue o mesmo padrão dos demais que estão sendo lidos normalmente.

----

h3. *Análise inicial*

Apesar do erro apresentado no monitor, o arquivo não possui diferenças aparentes em relação aos outros arquivos que estão sendo processados com sucesso.

----

h3. *Anexo*

Arquivo enviado para verificação:
*CN3_LIN_007_270126.rar*",,Adenilton Silva,633212a0fedc6169aed6fd7c,;29/jan/26 10:22 AM;633212a0fedc6169aed6fd7c;4800,,5400,600,4800,88%,5400,600,4800,,,,,,,,,,,,,,,,,,,,,,,,,,com.atlassian.servicedesk.plugins.approvals.internal.customfield.ApprovalsCFValue@562e737a,,,,,,,,,,,,,,,,,,,,,,,,,,,,,,,,,,,,Médio,,,,,,,,,,,,,,,,,,,,,,,,,,,29/jan/26 8:30 AM,,,,28/jan/26 3:06 PM,,,,,,,,,,,{},,,,,,,,,,,,,,,,,,,,,,,,,,,,Sim ,,,,,,,,,,,,,,,,,,,,,,,,,,,,,,,,,,,,,,,E-mail,,,,,,,,Suporte Técnico e Treinamento,,,,,,,,,,,,,,,,,,,,,,,,,,,,,,,,,,,,,,,,,,,,,,,,,,,,,,,,,,,,,,,,,,,,,,,,,1|i03n1c:i,,,,,,,,,,,,,,,,,,,,,,,,,,,,,,,,,,,,,,,,,,,,,,,,,,,,,,,,,,,,,,,,,,,,,,,,,,,,,,,,,,,,,,,,,,,,,,,,,,,,,,,,,,,,,,,,,,,,,,6.300,Talvez,,,,,,,,,,,,,,,,,,,,,14517_*:*_1_*:*_80907187_*|*_14518_*:*_1_*:*_0,14517_*:*_1_*:*_80907187_*|*_14518_*:*_1_*:*_0,,"29/jan/26 10:22 AM;633212a0fedc6169aed6fd7c;Performou conforme o esperado, o arquivo encontra-se ok.

E-mail retornado ao cliente.",Itens concluídos,29/jan/26 10:22 AM
6.300 - Função Preparo de Solo com Savannah indisponível para o cliente Suzano Horizonte,UNF2026-49,168756,Tarefa,Concluído,UNF2026,2026 - UNIDADE ESTRATÉGICA ,software,Adenilton Silva,633212a0fedc6169aed6fd7c,,Normal,Itens concluídos,Adenilton Silva,633212a0fedc6169aed6fd7c,Adenilton Silva,633212a0fedc6169aed6fd7c,Adenilton Silva,633212a0fedc6169aed6fd7c,27/jan/26 2:21 PM,27/jan/26 2:28 PM,,27/jan/26 2:28 PM,,0,"h3. *Descrição*

O técnico *Marcelo Medina*, da *Unidade MS*, realizou contato informando que a função *Preparo de Solo com Savannah* não está disponível para o cliente *Suzano – Horizonte*.

h3. *Detalhes do Atendimento*

* *Unidade:* MS
* *Cliente:* Suzano
* *Regional / Projeto:* Horizonte
* *Técnico:* Marcelo Medina
* *Módulo / Função:* Preparo de Solo com Savannah
* *Tipo de solicitação:* Indisponibilidade de função
* *Origem do contato:* Atendimento técnico

h3. *Problema Identificado*

A função esperada não aparece ou não está habilitada para o cliente, impossibilitando o uso operacional.

h3. *Ação Esperada*

* Verificar configuração de permissões/ativação da função
* Validar se o cliente Suzano Horizonte possui liberação para o módulo
* Habilitar a função ou orientar sobre pré-requisitos, se aplicável

h3. *Ações:*

Função estava inativa, foi ativada, e criado o fluxo conforme o padrão às 14:27 - 27/01/2026 - retornada mensagem ao técnico.

h3. ",,Adenilton Silva,633212a0fedc6169aed6fd7c,;27/jan/26 2:28 PM;633212a0fedc6169aed6fd7c;720,,3600,2880,720,20%,3600,2880,720,,,,,,,,,,,,,,,,,,,,,,,,,,com.atlassian.servicedesk.plugins.approvals.internal.customfield.ApprovalsCFValue@3abaa487,,,,,,,,,,,,,,,,,,,,,,,,,,,,,,,,,,,,Médio,,,,,,,,,,,,,,,,,,,,,,,,,,,27/jan/26 2:21 PM,,,,27/jan/26 8:00 AM,,,,,,,,,,,{},,,,,,,,,,,,,,,,,,,,,,,,,,,,Sim ,,,,,,,,,,,,,,,,,,,,,,,,,,,,,,,,,,,,,,,WhatsApp - PV,,,,,,,,Suporte Técnico e Treinamento,,,,,,,,,,,,,,,,,,,,,,,,,,,,,,,,,,,,,,,,,,,,,,,,,,,,,,,,,,,,,,,,,,,,,,,,,1|i03n1e:,,,,,,,,,,,,,,,,,,,,,,,,,,,,,,,,,,,,,,,,,,,,,,,,,,,,,,,,,,,,,,,,,,,,,,,,,,,,,,,,,,,,,,,,,,,,,,,,,,,,,,,,,,,,,,,,,,,,,,6.300,Talvez,,,,,,,,,,,,,,,,,,,,,14517_*:*_1_*:*_6433_*|*_14518_*:*_1_*:*_0,14517_*:*_1_*:*_6433_*|*_14518_*:*_1_*:*_0,,,Itens concluídos,27/jan/26 2:28 PM
6.300 - Erro no SWS 1 – Falha no processamento de arquivos (chamado via WhatsApp e e-mail),UNF2026-46,168477,Tarefa,Concluído,UNF2026,2026 - UNIDADE ESTRATÉGICA ,software,Adenilton Silva,633212a0fedc6169aed6fd7c,,Normal,Itens concluídos,Adenilton Silva,633212a0fedc6169aed6fd7c,Adenilton Silva,633212a0fedc6169aed6fd7c,Adenilton Silva,633212a0fedc6169aed6fd7c,26/jan/26 11:53 AM,26/jan/26 6:43 PM,,26/jan/26 6:43 PM,,0,"h3. 👤 *Origem do Chamado*

* *WhatsApp*: Reportado no grupo da Unidade pelo coordenador *Wriel Silva*
* *E-mail*: Encaminhado por *Felipe Silvestre* em 26/01/2026 às 11:41, com evidências anexadas

----

h3. 📝 *Descrição do Problema (atualizada)*

Recebemos um chamado referente a *erro no SWS 1* por dois canais:

* *WhatsApp*, via grupo da Unidade, reportado pelo coordenador *Wriel Silva*
* *E-mail*, enviado por *Felipe Silvestre*, detalhando falhas ocorridas durante o envio de arquivos do computador de bordo *29806*, com evidência em anexo

Durante o envio dos arquivos, foram registrados *erros de processamento no SWS 1*, afetando parte dos arquivos submetidos, enquanto outros foram processados com sucesso no mesmo intervalo de tempo.

----

h3. ⚠️ *Mensagens de Erro Identificadas*

* {{FATAL: sorry, too many clients already}}
* {{FATAL: connection limit exceeded for non-superusers}}
* {{O arquivo contém pontos já cadastrados no Banco de Dados}}

----

h3. 📂 *Arquivos com Erro (exemplos)*

* {{29806_20260115_JFI_MS_ADBJF100_0000.Ti}}
* {{29806_20260119_JFI_MS_ADBJF100_0000.Ti}}
* {{29806_20260123_JFI_MS_ADBJF100_0000.Ti}}

----

h3. 🕒 *Data/Hora*

26/01/2026 – entre *10:51 e 11:16*

----

h3. 📎 *Evidências*

* Print da tela de histórico de uploads do SWS 1
* Print do e-mail enviado por Felipe Silvestre com detalhamento do erro

----

h3. 🔍 *Observações Técnicas*

* Indício de *limite de conexões simultâneas no banco*
* Erros intermitentes (arquivos do mesmo lote com sucesso e falha)
* Ocorrência simultânea de erro de infraestrutura e regra de negócio (duplicidade de pontos)

h3. *Ações:*

Respondido o e-mail, e retornado ao grupo, houve vários lançamentos de arquivos duplicados, foi ajustado e nadado tal divergência.",,Adenilton Silva,633212a0fedc6169aed6fd7c,;26/jan/26 12:22 PM;633212a0fedc6169aed6fd7c;1740,;26/jan/26 6:43 PM;633212a0fedc6169aed6fd7c;1980,3600,0,3720,103%,3600,0,3720,,,,,,,,,,,,,,,,,,,,,,,,,,com.atlassian.servicedesk.plugins.approvals.internal.customfield.ApprovalsCFValue@1e45aceb,,,,,,,,,,,,,,,,,,,,,,,,,,,,,,,,,,,,Médio,,,,,,,,,,,,,,,,,,,,,,,,,,,26/jan/26 11:52 AM,,,,26/jan/26 11:41 AM,,,,,,,,,,,{},,,,,,,,,,,,,,,,,,,,,,,,,,,,Sim ,,,,,,,,,,,,,,,,,,,,,,,,,,,,,,,,,,,,,,,E-mail,WhatsApp - Grupo,,,,,,,Análise e Diagnóstico de Bugs na Plataforma,,,,,,,,,,,,,,,,,,,,,,,,,,,,,,,,,,,,,,,,,,,,,,,,,,,,,,,,,,,,,,,,,,,,,,,,,1|i03msm:,,,,,,,,,,,,,,,,,,,,,,,,,,,,,,,,,,,,,,,,,,,,,,,,,,,,,,,,,,,,,,,,,,,,,,,,,,,,,,,,,,,,,,,,,,,,,,,,,,,,,,,,,,,,,,,,,,,,,,6.300,Talvez,,,,,,,,,,,,,,,,,,,,,14517_*:*_1_*:*_4665_*|*_14518_*:*_1_*:*_0,14517_*:*_1_*:*_4665_*|*_14518_*:*_1_*:*_0,,,Itens concluídos,26/jan/26 6:43 PM
6.300 - Atualização de Base COPA – Projeto CONQUISTA III (SWS),UNF2026-42,168279,Tarefa,Concluído,UNF2026,2026 - UNIDADE ESTRATÉGICA ,software,Adenilton Silva,633212a0fedc6169aed6fd7c,,Normal,Itens concluídos,Adenilton Silva,633212a0fedc6169aed6fd7c,Adenilton Silva,633212a0fedc6169aed6fd7c,Adenilton Silva,633212a0fedc6169aed6fd7c,23/jan/26 8:43 AM,23/jan/26 1:56 PM,,23/jan/26 1:56 PM,,0,"h3. 🟪 *Cliente / Unidade*

* *Cliente:* COPA
* *Sistema:* SWS

----

h3. 🟧 *Descrição*

Solicitação de atualização da base *COPA* no *SWS*, incluindo o projeto *CONQUISTA III*.

O solicitante encaminhou *arquivo shapefile em anexo* para inclusão/atualização da base cartográfica.

Solicitação recebida via e-mail.

----

h3. 🧾 *Detalhes Técnicos*

* *Projeto:* CONQUISTA III
* *Tipo de arquivo:* Shapefile (.shp + arquivos auxiliares)
* *Origem:* Cliente COPA
* *Ação necessária:*
** Validar arquivos (geometria, projeção, integridade)
** Atualizar base no SWS
** Garantir correta visualização e associação do projeto

----

h3. 📎 *Anexos*

* Shapefile enviado pelo cliente (em anexo no e-mail)

----

h3. 👤 *Solicitante*

Fabio Moreno – Mantena Florestal

----

h3. ✅ *Critérios de Conclusão*

* Base COPA atualizada no SWS
* Projeto CONQUISTA III disponível e validado
* Confirmação de atualização ao solicitante",,Adenilton Silva,633212a0fedc6169aed6fd7c,;23/jan/26 1:55 PM;633212a0fedc6169aed6fd7c;1680,,3600,1920,1680,46%,3600,1920,1680,,,,,,,,,,,,,,,,,,,,,,,,,,com.atlassian.servicedesk.plugins.approvals.internal.customfield.ApprovalsCFValue@4d52e1a2,,,,,,,,,,,,,,,,,,,,,,,,,,,,,,,,,,,,Difícil,,,,,,,,,,,,,,,,,,,,,,,,,,23/jan/26 2:00 PM,23/jan/26 1:20 PM,,,,21/jan/26 3:42 PM,,,,,,,,,,,{},,,,,,,,,,,,,,,,,,,,,,,,,,,,Sim ,,,,,,,,,,,,,,,,,,,,,,,,,,,,,,,,,,,,,,,E-mail,,,,,,,,Cadastro e Gestão de Geometrias,,,,,,,,,,,,,,,,,,,,,,,,,,,,,,,,,,,,,,,,,,,,,,,,,,,,,,,,,,,,,,,,,,,,,,,,,1|i03md2:,,,,,,,,,,,,,,,,,,,,,,,,,,,,,,,,,,,,,,,,,,,,,,,,,,,,,,,,,,,,,,,,,,,,,,,,,,,,,,,,,,,,,,,,,,,,,,,,,,,,,,,,,,,,,,,,,,,,,,6.300,Não,,,,,,,,,,,,,,,,,,,,,14517_*:*_1_*:*_18726612_*|*_14518_*:*_1_*:*_0,14517_*:*_1_*:*_18726612_*|*_14518_*:*_1_*:*_0,,,Itens concluídos,23/jan/26 1:56 PM
6.300 - Solicitação Gerente André Marcatti - Reclamação cliente Copa,UNF2026-22,167058,Tarefa,Concluído,UNF2026,2026 - UNIDADE ESTRATÉGICA ,software,Adenilton Silva,633212a0fedc6169aed6fd7c,,Normal,Itens concluídos,Adenilton Silva,633212a0fedc6169aed6fd7c,Adenilton Silva,633212a0fedc6169aed6fd7c,Adenilton Silva,633212a0fedc6169aed6fd7c,14/jan/26 1:41 PM,14/jan/26 2:02 PM,,14/jan/26 2:02 PM,,0,"O gerente *André Marcatti* solicitou apoio após uma reclamação do cliente *Copa*. Segundo o cliente, ao realizar o *lançamento/envio dos arquivos*, o *processamento está levando cerca de 2 a 3 dias*, o que está impactando a operação.

h3. Pontos importantes para investigar

# *Volume e tamanho dos arquivos*
#* Muitos arquivos enviados de uma vez
#* Arquivos muito grandes
# *Tipo de processamento*
#* Consolidação de geometria
#* Reprocessamento por erro anterior
#* Atualização de base existente vs nova base
# *Fila / carga do ambiente*
#* Outros clientes processando ao mesmo tempo
#* Janela de pico no processamento



Acções:

Foi analisado no SWS que os dados estão sendo processados conforme o esperado, o que foi notado é que o cliente está lançados vários arquivos repetidos.



Enviamos um e-mail ao gestor resposável da ubidade para trativas com o cliente.



h3. ",,Adenilton Silva,633212a0fedc6169aed6fd7c,;14/jan/26 2:02 PM;633212a0fedc6169aed6fd7c;1620,,10800,9180,1620,15%,10800,9180,1620,,,,,,,,,,,,,,,,,,,,,,,,,,com.atlassian.servicedesk.plugins.approvals.internal.customfield.ApprovalsCFValue@3eac4ac7,,,,,,,,,,,,,,,,,,,,,,,,,,,,,,,,,,,,Fácil,,,,,,,,,,,,,,,,,,,,,,,,,,,14/jan/26 1:35 PM,,,,14/jan/26 1:30 PM,,,,,,,,,,,{},,,,,,,,,,,,,,,,,,,,,,,,,,,,Sim ,,,,,,,,,,,,,,,,,,,,,,,,,,,,,,,,,,,,,,,WhatsApp - PV,,,,,,,,Suporte Técnico e Treinamento,,,,,,,,,,,,,,,,,,,,,,,,,,,,,,,,,,,,,,,,,,,,,,,,,,,,,,,,,,,,,,,,,,,,,,,,,1|i03kly:,,,,,,,,,,,,,,,,,,,,,,,,,,,,,,,,,,,,,,,,,,,,,,,,,,,,,,,,,,,,,,,,,,,,,,,,,,,,,,,,,,,,,,,,,,,,,,,,,,,,,,,,,,,,,,,,,,,,,,6.300,Sim,,,,,,,,,,,,,,,,,,,,,14517_*:*_1_*:*_98956_*|*_14518_*:*_1_*:*_0,14517_*:*_1_*:*_98956_*|*_14518_*:*_1_*:*_0,,,Itens concluídos,14/jan/26 2:02 PM
6.300 - Cadastro de Fazenda | Remanso (TRF / JSF),UNF2026-20,166996,Tarefa,Concluído,UNF2026,2026 - UNIDADE ESTRATÉGICA ,software,Adenilton Silva,633212a0fedc6169aed6fd7c,,Normal,Itens concluídos,Adenilton Silva,633212a0fedc6169aed6fd7c,Adenilton Silva,633212a0fedc6169aed6fd7c,Adenilton Silva,633212a0fedc6169aed6fd7c,13/jan/26 4:56 PM,14/jan/26 10:01 AM,,14/jan/26 10:01 AM,,0,"h3. 📝 *Descrição*

Foi recebido o arquivo *shapefile* da *Fazenda TRF – Remanso*, que iniciará *operações de silvicultura pela empresa JSF ainda neste mês*.

Solicita-se, por gentileza, a realização do *cadastro dessa área na plataforma*, conforme anexo encaminhado.

----

h3. 📎 *Anexos*

* Arquivo: {{Remanso.zip}}
** Conteúdo: Shapefile da Fazenda Remanso

----

h3. 🎯 *Atividades*

* Validar shapefile (geometria, projeção e integridade)
* Realizar cadastro da área na plataforma
* Associar fazenda à empresa *JSF*
* Validar visualização e dados após cadastro

----

h3. 👥 *Envolvidos*

* Solicitante: Letícia Molinari
* Responsáveis:
** @SILVA Wriel
** @SILVA Adenilton

----

h3. ℹ️ *Observações*

* Área com início de operações previsto *para este mês*
* Em caso de dúvidas, a solicitante se colocou à disposição



h3. *Ações:*



Cadastrado conforme o solicitado.

!image-20260114-130019.png|width=677,alt=""image-20260114-130019.png""!",,Adenilton Silva,633212a0fedc6169aed6fd7c,;14/jan/26 10:01 AM;633212a0fedc6169aed6fd7c;1500,,3600,2100,1500,41%,3600,2100,1500,,14/jan/26 10:00 AM;633212a0fedc6169aed6fd7c;image-20260114-130019.png;https://agguidance.atlassian.net/rest/api/3/attachment/content/157939,,,,,,,,,,,,,,,,,,,,,,,,com.atlassian.servicedesk.plugins.approvals.internal.customfield.ApprovalsCFValue@8aaaa15,,,,,,,,,,,,,,,,,,,,,,,,,,,,,,,,,,,,Fácil,,,,,,,,,,,,,,,,,,,,,,,,,,14/jan/26 10:02 AM,14/jan/26 9:30 AM,,,,13/jan/26 9:48 AM,,,,,,,,,,,{},,,,,,,,,,,,,,,,,,,,,,,,,,,,Sim ,,,,,,,,,,,,,,,,,,,,,,,,,,,,,,,,,,,,,,,E-mail,,,,,,,,Cadastro e Gestão de Geometrias,,,,,,,,,,,,,,,,,,,,,,,,,,,,,,,,,,,,,,,,,,,,,,,,,,,,,,,,,,,,,,,,,,,,,,,,,1|i03kke:,,,,,,,,,,,,,,,,,,,,,,,,,,,,,,,,,,,,,,,,,,,,,,,,,,,,,,,,,,,,,,,,,,,,,,,,,,,,,,,,,,,,,,,,,,,,,,,,,,,,,,,,,,,,,,,,,,,,,,6.300,Não,,,,,,,,,,,,,,,,,,,,,14517_*:*_1_*:*_59947151_*|*_14518_*:*_1_*:*_0,14517_*:*_1_*:*_59947151_*|*_14518_*:*_1_*:*_0,,,Itens concluídos,14/jan/26 10:01 AM
6.300 - Usuário sem acesso ao Access devido divergência de username após atualização do SSO,UNF2026-9,166795,Tarefa,Concluído,UNF2026,2026 - UNIDADE ESTRATÉGICA ,software,Adenilton Silva,633212a0fedc6169aed6fd7c,,Normal,Itens concluídos,Adenilton Silva,633212a0fedc6169aed6fd7c,Adenilton Silva,633212a0fedc6169aed6fd7c,Adenilton Silva,633212a0fedc6169aed6fd7c,09/jan/26 4:41 PM,09/jan/26 4:41 PM,,09/jan/26 4:41 PM,,0,"h3. Resumo

Usuário não conseguia acessar o Access devido a uma divergência no username após atualização do SSO.

h3. Contexto

O técnico Marcelo Medina relatou dificuldades de acesso ao sistema. A análise revelou que o username do usuário estava alterado, impedindo a autenticação correta.

h3. Critérios de aceitação

* Validação do username divergente.
* Alinhamento com o time de PD.
* Reset do usuário no Agron.
* Teste de acesso realizado com sucesso.

h3. Outras informações

* Contato com Samuel Ferreira e Romeo Junior para resolução do problema.
* Acesso restabelecido com sucesso.",,Adenilton Silva,633212a0fedc6169aed6fd7c,;09/jan/26 4:41 PM;633212a0fedc6169aed6fd7c;2820,,3600,780,2820,78%,3600,780,2820,,,,,,,,,,,,,,,,,,,,,,,,,,com.atlassian.servicedesk.plugins.approvals.internal.customfield.ApprovalsCFValue@53f92b93,,,,,,,,,,,,,,,,,,,,,,,,,,,,,,,,,,,,Difícil,,,,,,,,,,,,,,,,,,,,,,,,,,09/jan/26 4:43 PM,09/jan/26 2:15 PM,,,,09/jan/26 8:35 AM,,,,,,,,,,,{},,,,,,,,,,,,,,,,,,,,,,,,,,,,Sim ,,,,,,,,,,,,,,,,,,,,,,,,,,,,,,,,,,,,,,,WhatsApp - PV,,,,,,,,Análise e Diagnóstico de Bugs na Plataforma,,,,,,,,,,,,,,,,,,,,,,,,,,,,,,,,,,,,,,,,,,,,,,,,,,,,,,,,,,,,,,,,,,,,,,,,,1|i03k32:,,,,,,,,,,,,,,,,,,,,,,,,,,,,,,,,,,,,,,,,,,,,,,,,,,,,,,,,,,,,,,,,,,,,,,,,,,,,,,,,,,,,,,,,,,,,,,,,,,,,,,,,,,,,,,,,,,,,,,6.300,Não,,,,,,,,,,,,,,,,,,,,,14519_*:*_1_*:*_0_*|*_14517_*:*_1_*:*_33861,14519_*:*_1_*:*_0_*|*_14517_*:*_1_*:*_33861,,,Itens concluídos,09/jan/26 4:41 PM
6.300 - Análise de indisponibilidade de atividades de operação – Suzano Horizonte,UNF2026-8,166762,Tarefa,Concluído,UNF2026,2026 - UNIDADE ESTRATÉGICA ,software,Adenilton Silva,633212a0fedc6169aed6fd7c,,Normal,Itens concluídos,Adenilton Silva,633212a0fedc6169aed6fd7c,Adenilton Silva,633212a0fedc6169aed6fd7c,Adenilton Silva,633212a0fedc6169aed6fd7c,09/jan/26 1:28 PM,09/jan/26 1:41 PM,,09/jan/26 1:39 PM,,0,"h3. Resumo

Análise da indisponibilidade das atividades de operação na Suzano Horizonte.

h3. Contexto

O coordenador Wriel solicitou uma análise sobre a falta de atividades de operação disponíveis para o cliente na Suzano – Horizonte.

h3. Critérios de aceitação

* Analisar a ocorrência relatada.
* Verificar se as atividades de operação estão desabilitadas pela unidade.

h3. Outras informações

O e-mail foi respondido, indicando que as atividades de operação estão desabilitadas.",,Adenilton Silva,633212a0fedc6169aed6fd7c,;09/jan/26 1:39 PM;633212a0fedc6169aed6fd7c;600,,3600,3000,600,16%,3600,3000,600,,,,,,,,,,,,,,,,,,,,,,,,,,com.atlassian.servicedesk.plugins.approvals.internal.customfield.ApprovalsCFValue@d84c69b,,,,,,,,,,,,,,,,,,,,,,,,,,,,,,,,,,,,Fácil,,,,,,,,,,,,,,,,,,,,,,,,,,09/jan/26 1:40 PM,09/jan/26 1:30 PM,,,,08/jan/26 12:39 PM,,,,,,,,,,,{},,,,,,,,,,,,,,,,,,,,,,,,,,,,Sim ,,,,,,,,,,,,,,,,,,,,,,,,,,,,,,,,,,,,,,,E-mail,,,,,,,,Suporte Técnico e Treinamento,,,,,,,,,,,,,,,,,,,,,,,,,,,,,,,,,,,,,,,,,,,,,,,,,,,,,,,,,,,,,,,,,,,,,,,,,1|i03jxi:,,,,,,,,,,,,,,,,,,,,,,,,,,,,,,,,,,,,,,,,,,,,,,,,,,,,,,,,,,,,,,,,,,,,,,,,,,,,,,,,,,,,,,,,,,,,,,,,,,,,,,,,,,,,,,,,,,,,,,6.300,Sim,,,,,,,,,,,,,,,,,,,,,14519_*:*_1_*:*_0_*|*_14517_*:*_1_*:*_707509,14519_*:*_1_*:*_0_*|*_14517_*:*_1_*:*_707509,,,Itens concluídos,09/jan/26 1:39 PM
